x1,x2,x3,x4,x5,x6,y
-1.0,-0.5002223561562272,-0.7723329446736428,-1.0,0.12534348704575327,0.378470041352697,-1.3833735053547265
-1.0,-0.15433177702367173,-1.0,-0.9429190276519137,-1.0,-1.0,1.4380702478027483
-1.0,-0.9721333382597924,-1.0,0.1301159136005715,1.0,0.10681298706796465,-4.693344508648337
0.8802119507555479,-0.2792258626700035,0.02010898511108672,0.26506515491580496,1.0,-0.24199677514121085,-2.557407705748294
0.0611066591969287,-1.0,0.8463822339016072,0.2627921643415334,0.14363743003546148,0.836549337166941,-0.1688258513994273
0.9732572308731089,0.8351947923906686,0.7334551716120548,1.0,-0.5019725197724972,0.8011583296919067,1.1763725890831134
-0.39816472569691763,0.14192440941500184,-1.0,-0.44486086261325836,0.35927361256811535,-0.5903539225055454,0.1974701977681969
-1.0,-0.536876688567993,-1.0,-0.018469594552610213,-1.0,0.6462469142074625,-1.4840780327761867
-0.8616212477846452,-1.0,-0.1317779542349674,-0.3091354172909706,-1.0,0.6575842956858817,-1.8041651443173992
0.4664683385485955,0.3377144865756997,-0.5474322699699975,-0.16427645957530573,0.011838050651580667,-0.6826770584529882,0.07139502651547586
0.44406531314590425,0.5447701362521401,-1.0,0.932600686586672,-0.030988089768934662,1.0,4.523884657285279
-0.952089428095501,-0.23618036165895395,-1.0,-1.0,0.6179298614041964,0.10869268091431405,-2.713775022703699
0.42229341496807615,0.7539242082984582,-0.011070582233161375,0.09392922389494374,-0.12530494778416346,-0.12040037303081308,0.25522852520451517
-0.4471702187339883,-1.0,-1.0,-0.40059674065263895,-1.0,-0.15265374462673553,-3.6298674303520775
-0.7819766335188246,-0.957974413247414,0.13169307443930958,-0.15357430466158148,-1.0,-0.9826727985270018,2.112568757064755
-0.2271555011167221,-1.0,-1.0,-1.0,-0.3286975945112999,-0.5209536133065559,-2.4643721257928135
-0.30606539979623526,-1.0,0.8444297763267951,-0.17859414976569005,-1.0,-0.9202773297007534,3.647126534598085
1.0,0.8395755619302767,-0.5718615384212875,0.7971252329090059,0.07940035322222738,0.4177604609171459,1.763890142105463
-0.012776908440721213,0.23612857776429425,-0.8954255006183878,-1.0,0.43982160289248207,1.0,5.517879515864474
-1.0,-0.9947653385338242,0.8969443173720644,-0.4811315692669884,1.0,0.9385255184805165,-0.19216275010328626
-0.2574359049883101,-1.0,-1.0,0.5882733219103983,-0.5064093898092902,1.0,4.864633577839652
-0.8373224225276947,-0.4067838524232691,-0.8591088582507982,-1.0,-0.5186975942571279,-1.0,3.6744778254321915
0.8373722138761276,0.9816652422625125,0.7994754579593355,0.8795378570186513,1.0,0.6341034112717381,-5.976348399533378
-0.7635832801223696,-0.6516744198285693,-1.0,-1.0,-0.09825470126803137,-1.0,3.939745033997561
-0.1542693493419529,-0.5366595350388585,-0.4124953152124756,0.4276743336142711,0.06340056666154215,0.5460522216668523,0.4495656614469551
-0.6718909288881758,0.33663792138169335,-1.0,0.7773714455239509,1.0,1.0,10.311298808679627
1.0,0.9030375061547025,0.8993126960624158,0.11301433555138038,-0.04880365682123322,1.0,-1.325104943075823
-0.32561683638156647,0.8054262994692581,0.6072314528905004,0.051254126299632385,-1.0,-1.0,-1.002648442904891
0.30665202400648867,-0.0377726297670552,-0.18406745775258193,-1.0,0.44165842036481817,1.0,2.2199748295729456
0.16956809140821938,-0.5560526333336605,-0.7935623518547832,0.37197230947842974,0.6782011465819384,-0.23823834569882074,-0.7834431657061816
0.6507794530307229,0.08342057555487109,1.0,1.0,1.0,1.0,-3.494935749727704
0.9115275294153804,0.2385190097301444,-0.8024249305652595,1.0,-1.0,-1.0,6.035269192470285
0.4284189082888101,-0.7730121748104121,-1.0,-0.7254565154256744,-0.4758928249068901,-0.7761069603275301,2.990960557560423
0.11230566005764087,0.9394673074389974,1.0,0.0859506298217412,1.0,-0.4549111851487053,-1.8882229590461608
0.6552015083301269,0.15717665096924094,0.6170761610159701,1.0,-1.0,-0.6527649236574111,3.783894074151924
0.3719442788330405,0.4104686589102131,0.5744566960582482,1.0,-0.40437180239264836,-1.0,5.080907843723341
0.3784394272253849,0.6568051104667231,1.0,1.0,0.101924786870288,0.4414577591965029,-3.057251665455538
-0.12616633717901005,0.005047452513551903,-1.0,-0.3040212072859434,-0.7843484614826688,-1.0,1.763082110871964
0.9532055076457305,0.11849835451556673,-0.5666681837759973,-0.07283403867875593,0.21342755497480323,1.0,2.2012726877738453
-1.0,-1.0,-0.25993792196995513,-0.9257042099214322,-1.0,-0.7322918235936722,3.8242418631120234
-0.23239729768992046,0.5019762108835237,-0.469120000044601,0.22706242788801445,0.014747727735124422,-0.7261495809544651,1.631751205525815
1.0,0.4572933430862318,1.0,0.4476040520659179,0.7482230788353547,-0.1907413890174534,-2.639711205220985
0.7952177690929589,1.0,-0.612282285875982,0.002191156208435352,0.27490410254213227,-0.34317563497017456,0.7670569732789382
-1.0,-0.28513241282569435,-1.0,-0.021909901542724985,0.5909587796039957,-0.5097937099266427,1.0440753280155757
0.56259495109271,0.5975221762868479,0.9909146690100197,0.10518211584243398,0.7833571477388716,1.0,-2.824448191650203
-1.0,0.779853338572489,0.4934328749900282,-1.0,-0.1257032805127689,-1.0,-1.8853709492161617
-1.0,-1.0,-1.0,-1.0,0.2792046830086019,0.38736996135683444,-6.949011864465463
-0.9243655767263342,-1.0,-1.0,-1.0,-0.06056059649452128,-0.2824437896722888,-5.27345756125534
1.0,1.0,1.0,0.6400129678702813,-0.3407526340529601,-1.0,3.367775876693003
-1.0,-0.14389874946578152,-1.0,-0.42632247420505287,0.7125998644280643,1.0,8.044276045077012
0.24768211729577294,-1.0,-0.44458380816171894,-0.644055153548159,-0.15954451198176645,-0.36400527870719546,-0.27631958728939354
-1.0,-0.7130219209874546,-1.0,0.5392077881107729,-0.3798770122238828,-0.8370745234220993,0.35051274419243955
-0.6172760950278664,0.047607013962281064,0.5042264792376592,-0.41791310557261885,1.0,-0.26488164386996726,2.041470273960849
0.7866538673893926,0.23547825245265186,0.3312513772748291,-0.9372524281749727,1.0,1.0,2.2677401827706603
-0.0249029346399241,0.8393806459514253,1.0,0.3388998317376264,0.6359582145470557,0.9278237982270585,-1.6288265177851255
-0.14925239764390696,-1.0,0.20076020231658365,-1.0,1.0,0.6221810430813383,-1.5555095697814254
1.0,1.0,1.0,1.0,1.0,1.0,-10.150360034043851
-1.0,1.0,-1.0,-0.8697053824762251,-0.2189621835615443,0.4729928064993894,3.569669840597294
0.07004047072279229,0.237714019722964,-0.8906916573758412,-0.7021404012258481,1.0,1.0,6.405063874248377
0.48836023521662053,0.6110038514010938,-0.0014211997632268547,1.0,0.602229016745636,1.0,2.3769561775179073
-1.0,0.787846290299284,-0.10554940715337263,0.07439269090973677,-1.0,0.549020287480188,-2.1852124562755004
1.0,1.0,0.11964646393617473,0.6517844150254486,0.2178165620155792,-0.39436214199458597,0.2997341714966846
0.8497976952300375,0.6840824849575302,1.0,0.9312388286222748,-1.0,-1.0,6.779399480722304
-0.10269357831885079,-1.0,-0.41643384458281163,-1.0,-0.008384893805348126,-0.8977226008755805,3.7703118254770027
-1.0,-1.0,-1.0,-0.08120270773230898,-0.3090003790924736,-0.33783698846038435,-3.9618459479385875
0.8109072135383228,0.6295877252835806,0.012045853266257345,-0.9754734970684714,-1.0,-0.8077086412062195,5.639900889149873
0.7008784870424802,-1.0,-0.7024087315912184,-0.38935331249563415,-0.21020799126862988,-0.8464191521091692,3.171525843671531
0.5917104788176191,1.0,0.7066420155758468,0.483535241157917,-0.6921613911769962,0.22473852408439104,-0.9651948505382628
0.25991605613451346,0.3874380257654634,-1.0,-1.0,1.0,-0.3392884053931016,-0.9543331146122427
0.3527275823615263,0.09280131777421019,-0.8459046673817487,-0.6023571481158594,-0.3901371738225571,-0.6965765360497628,0.08070353773664157
0.15029677382966405,0.20563377615588405,1.0,1.0,0.9262432575239599,-0.06991766426308998,-2.051363490702082
-0.6144836448907814,-0.4825321669213063,-0.30762084183426786,-1.0,0.8667229033676334,0.5412051643041731,1.1393651637296767
-1.0,-0.927939510047348,0.10291370818751344,-0.41991263111116767,1.0,1.0,4.233554467792606
-0.39014034010745435,0.6751038681199023,1.0,0.1383029248089197,0.10876735850427655,0.7737188646888148,-2.171135519304137
-0.9831916163772809,0.5882678876277931,1.0,0.49263484043923644,0.09485243807185276,1.0,-3.468670713273082
-0.3564521831533495,-0.8514463232769494,-0.5077845226882071,-0.8933128101199318,0.5152917652546833,0.21890279387917216,-2.113957168473516
-0.3442025347494738,-0.1048032440013571,1.0,1.0,-0.38685553048486765,0.6310864350007724,-2.3938181910439886
1.0,0.35495374616008735,0.3998313243991408,0.24714351352347214,-1.0,0.6913078073742377,3.1463009046564956
0.37825458239038956,-0.982332542787506,0.4360701050241879,-0.2454210535427942,1.0,1.0,0.39988435262995214
-1.0,-1.0,-1.0,-1.0,0.6485762349908122,0.4052384406029253,-8.395314549330621
0.07761398372559897,-0.20392898878531746,-0.4947597865470525,-0.6045866727567861,-0.5610473629292356,-0.10665008031806811,0.057935119299603405
-1.0,-0.481221779734474,-0.47379043595086734,-0.22994564905464154,1.0,0.7697928778777525,3.6499103394983448
1.0,1.0,0.8479408920719892,1.0,1.0,-0.19828399312055445,-5.411340689869201
0.41751314320184907,1.0,1.0,0.6085462271189022,0.3287846572371347,-0.10993840358849893,-2.7685642781202224
-1.0,-1.0,-0.4334286941554001,0.561835486969587,1.0,0.8572521853823623,2.672295699200212
-0.5458329449798146,0.05615969341603644,-1.0,-0.9744814224179292,0.6077424705388235,1.0,8.183812754928066
1.0,1.0,1.0,0.30007780315668287,0.5741380929454509,0.58442231347165,-4.80731159288402
-0.29335118886503486,-1.0,-0.16037089780643732,-1.0,0.18794487855011846,0.22676122451203695,-1.8060214673571013
-0.8541313240756113,-1.0,-1.0,-0.6829942063540331,-0.27115780771403497,-0.4407881232737264,-3.9491606763402913
1.0,0.2911425595574979,0.4677227064501752,1.0,0.5114296898406365,1.0,-0.0027302897350026945
-0.0979479155470282,-0.5679631325367875,-0.8449120414734648,-0.8164217004684939,0.2849556543323548,1.0,2.270711946368139
-1.0,-0.7048555903703111,-1.0,-0.20826441978073906,1.0,0.9254006915664508,4.295833451306522
0.6031845061288228,0.18826381691174834,-1.0,-0.0588733790995406,0.09297003130943127,-1.0,0.5981760484507672
-1.0,-0.17525123053440694,-1.0,0.4687565778119243,1.0,0.18575155784776398,-1.139651189744928
0.1768426641212374,-0.4632638863424393,1.0,-0.04087788841860002,0.7152898359540059,0.2941119588867593,-2.298761148065527
-1.0,-0.7359966597870851,-0.38164324953969164,-0.41961627995336226,0.2801515760181885,0.22687551397747607,-0.6976645370152057
-1.0,0.21863166645566923,0.3377886526491143,-1.0,-1.0,0.12287982856427732,-0.39713483641941244
0.4392447163849444,-1.0,1.0,0.8270159373095526,1.0,1.0,-0.4136705213611643
-1.0,-1.0,-0.5793861459841381,-1.0,1.0,1.0,0.3197679205751248
0.8851524409650176,0.20038139194622961,-0.7167952049594548,-0.3148295137425097,0.4683687233360807,1.0,1.7892995575942776
0.222382446571184,-0.3244443405860038,-1.0,0.43510783070889497,-0.8784207973155074,0.21436364725760235,0.21239773488099012
-1.0,-1.0,-1.0,-0.0014166564503055312,-1.0,-1.0,-0.09528265624342314
-0.48805011354132777,-0.2057008142678194,0.5352150508136134,-1.0,-0.41904096298481175,-1.0,1.710104920491362
-0.09143242039762411,0.7299279591979215,0.957508623502431,-0.49591880522792037,1.0,1.0,0.42880643980042576
1.0,0.1905910883837133,-0.43673379520673483,-1.0,-0.1575502601650467,-0.7445465637934111,2.3078600725387437
0.7624255280861041,0.7194756924631625,0.5979467979153892,0.9888334241318164,-0.417829562743957,1.0,0.5447784997546914
-1.0,0.8838007040304361,-0.15296004869160074,0.3617906401403049,-0.5528293078853175,-1.0,1.2283030271265867
1.0,-0.5191606338524075,0.27536772701527795,0.18936111388965648,0.25463119855465355,1.0,1.4046470119462904
0.8665935497222725,1.0,0.14708135013689194,-0.2524598143621027,-1.0,-0.9314368621326055,4.5045031250597525
1.0,0.6262183196609328,0.6834324783203128,1.0,0.6094861170223193,-0.35517119018175025,-1.528711591262615
0.992717547491834,1.0,1.0,-0.4777348932130504,0.7361737767664197,-1.0,-4.3564914016138205
1.0,1.0,0.9775081530890007,1.0,-0.1476330467320058,-0.3161554568700923,0.6106423309714404
-1.0,-0.8108371174381459,-0.2537652544698958,-1.0,-1.0,-0.3283111466333941,2.722559491732874
-0.7165808318891381,-1.0,-1.0,-0.9227113377621001,0.8755763584636538,0.49023495937625994,-5.043175549787302
-0.6584588684761895,-1.0,-1.0,0.08337071929980372,-0.8559012068200738,-1.0,0.33693042285060065
0.7566469396135228,1.0,-0.8064393025892533,-1.0,-0.04294900573711691,-0.30892506755078847,1.4339695058949955
1.0,1.0,0.9640911093280929,0.7408299389280455,-0.9236470877810457,-0.7138429324090163,4.299632983506395
0.4876221315370106,0.587123837704582,1.0,0.2556906988752243,-0.4241212401521104,-0.18351652964462328,0.5800339941361934
0.6067292274569858,1.0,-1.0,1.0,-1.0,-0.15479422211048444,6.4726948315257555
1.0,1.0,0.8305544321153233,0.4858010193559592,-1.0,-1.0,6.251918003053081
0.32499591228644575,-0.04785523709816486,-0.47878303135804956,-0.5199681115210961,-0.6780477296722154,-1.0,2.254732825208327
0.3029662808037377,0.9592967886640056,0.558432650993874,-0.2741656579938967,-0.1292114653723644,-0.22713717354113128,-0.8516787565574343
-1.0,-0.15203005963248373,-1.0,-1.0,-1.0,-0.06975746869730909,-1.865552096480369
-0.775743915325328,-0.2001665133567948,-0.8122722384449842,-0.15670150214151857,-0.5348837958951931,-1.0,3.400709765485873
0.4946390276901543,-0.31823231817935194,0.10077993947578778,1.0,0.1446129915848552,0.241307463808963,-0.42759982205699404
-0.9621199765594275,-0.8229832921668844,0.01804154968748145,-1.0,-0.028567458870689677,-0.11722327366208155,-1.040270699665529
-1.0,-1.0,-1.0,-1.0,0.8446692209650097,0.501191415985013,-7.148755034514911
-0.21281891472202075,-0.5189612859327315,-1.0,-0.7611340900831145,1.0,0.010555094340084725,-1.6519056743151088
0.8608818014093436,0.20566515772356198,0.2207030827461568,0.7118375538580843,-0.4247304891591359,-0.15219694238612064,0.7405300000482575
0.4293657280158196,1.0,-0.07140530237847265,-0.3695209421258027,1.0,-0.7479618034543843,-0.25963737500406414
1.0,0.6676813999401834,0.225453345250606,1.0,-0.6782786399703843,-0.8460062635201032,7.053571784897904
-0.1947256650848775,-1.0,-0.7035645741632153,-1.0,-0.6852180877574414,-0.6008546473342868,2.175140054864356
-0.24511913112907813,-1.0,-1.0,-0.6382644801711432,-1.0,0.13275501603356565,-1.3825187419747513
-1.0,-0.9257038128573472,-0.15707264050056224,-0.4366154853162086,-1.0,-0.022113331984511042,-1.39623908940777
0.5020154745350042,0.7171537047084846,0.15888219888628774,-0.6400407232127923,-0.6206408475827391,-0.21146393499291305,1.9263310642994433
-0.4060143214422608,0.984249917795831,1.0,-0.5026055012676307,-0.6722421401977956,-0.17951122447973944,-3.6509914507838928
-0.6274586263686381,-0.3368180520878359,-1.0,-1.0,0.7931744492277701,1.0,6.524190038071706
-0.013475400172998642,-1.0,0.7255055379468871,-0.15051942394342177,1.0,1.0,1.4864549245638363
1.0,0.7992705143698562,0.3406369620211948,0.006574073663507263,0.7729529963906976,-0.001331417960705683,-2.396463056800429
0.05566417276497493,0.10290298193371289,1.0,0.27202994575900336,0.48964405484453327,0.600149345936284,-1.094777783487668
0.44556120476312716,0.14379461999440835,0.11269587652450072,-0.6762982297936777,0.0664120927166314,0.607919930172905,0.813041538382719
-0.15850466806835825,0.5389944518208014,1.0,1.0,0.12793443865532916,-0.6875718619008742,-0.6433502791274046
0.024893519249870377,0.8789734568430541,-0.12984976062182713,0.807816695099325,0.0044693096582429925,0.6394426655385699,1.0654177087535557
-1.0,-1.0,-0.5595257759427097,-1.0,-0.7097906595406984,-1.0,4.404241469186556
1.0,0.8039435067334677,-0.35098613092818987,0.008405567462568098,0.3108200219887113,-0.5704983524817167,-0.29301811332500094
-1.0,-0.4961449708465804,-1.0,-1.0,-0.6919622160264209,-0.6253551166556833,0.2693904551808381
0.4442691908669909,1.0,1.0,0.7371056900918003,-0.15543636491014773,1.0,-4.514422579312671
-0.6231584520959511,-0.3025446265014745,-0.5360476277160122,-1.0,-0.4383088214826295,0.7874954381172129,1.5957817870552895
0.05187526707795648,0.22896731245117558,-0.8377208310133661,0.9812050529567266,1.0,0.8096696738952476,3.43194854050654
-1.0,-1.0,-0.14521659619553734,-0.1515531760828751,-1.0,-1.0,0.3363018414515111
0.5023642268915538,1.0,0.6947596335761548,0.27967756329352333,0.18128798410923397,-0.2883948436273791,-2.0475484716142174
-0.014674619810430167,-0.11347576310200647,0.26138600488415364,0.5533352006274203,0.5383929134381285,1.0,3.8067022507754174
0.7626422350072709,0.49447648892215534,1.0,0.3308096173539987,-0.296432077295682,-1.0,2.9890320315494154
-1.0,-1.0,-0.013042400423016312,-1.0,0.15260014942020117,-0.4965968688901117,1.583261403064693
-1.0,-1.0,0.30812257920085173,-0.7475186920204034,1.0,-0.4341623098320326,5.871162164042939
-0.6733859944375341,-1.0,-0.7474192562320272,-0.9212411374845042,-1.0,-0.44643922656986845,1.9726099492800526
-1.0,-1.0,-0.7901780467374591,-0.5412854355371153,0.1255303956729129,-0.8670476734260153,2.2247552970221904
0.37161770464465604,1.0,1.0,1.0,-1.0,0.22919871337610453,-0.9206761084957289
0.6850095051282146,-0.38146104574838746,-1.0,-0.7293360623607182,0.45183290075623844,-1.0,0.9108153435959223
-0.25607208205665527,1.0,1.0,-0.19767522909980628,0.4792569902592404,-0.26429766914098896,-2.960730146859717
-1.0,-0.9761252490486764,-0.5597257263374552,-0.4347259092396455,1.0,1.0,3.6792220995149836
0.9028942501033423,0.4911239032552386,0.31422834506592934,1.0,-0.6558876221566713,-1.0,7.578160957677936
0.42441390708596305,-0.06589694523360723,-1.0,0.2783135938870983,-0.35499768033777157,-0.5138385383765838,0.4457517558488452
-0.2778832013890334,-0.5009913484428712,-0.1317807446674315,-1.0,0.11539659393229362,-1.0,4.662002632002849
-1.0,0.033482621827122805,0.41148653975768035,-0.22211731548126357,1.0,0.11482506399977987,0.8064923879698667
-0.11998234478345216,-1.0,-0.9914674890794379,-1.0,0.5865968393333232,0.47911658939742324,-4.0588224762362195
-0.9174079931984276,-0.7838975940804773,0.17731332638354014,-0.7316738210498717,0.9666810816500444,1.0,2.1930014346640214
0.656951935635504,0.044988136693087766,0.5894146503017048,1.0,-1.0,-1.0,6.893109685980253
-0.17147298068528438,-0.5011333736480814,-0.42922339873745563,-1.0,0.16264004535629978,0.048129391449120096,-1.2453581698611662
-0.884271673844972,1.0,0.8780467104505104,0.7735848248406476,1.0,1.0,-3.981896757888652
-1.0,-0.22829233919628322,-1.0,-1.0,0.7928504356729127,-0.8736859193013669,3.4698316110589342
-1.0,-1.0,-0.8775694732558903,-0.8876604588584749,0.7571290369410115,1.0,-1.8945128369598694
-0.3511213066351124,0.362249745799256,0.14267667085560598,-1.0,1.0,0.09224222891600398,3.646713120679451
-0.3632553947579975,-0.0890734952881922,-0.06561617032537037,-1.0,-1.0,-0.17518285350734358,1.096267474923736
-1.0,-1.0,-1.0,-1.0,1.0,-0.5224231563933679,-4.149984616315433
-0.49459221625089406,-0.30427937669282823,0.6870141355208321,0.39691894973510966,1.0,-1.0,2.940980301068671
0.5602793050558206,-0.8234217863729991,1.0,1.0,-1.0,0.18621517409629407,4.4900724810656065
0.31350115432864567,1.0,-0.4467939095312045,1.0,0.6003281240424048,-0.19353651707432062,0.20451302931002036
-0.06692158734010967,0.28026886110893945,-0.9665631148844241,-0.20182984471283505,-0.35391602683177503,-0.041115858697225005,-0.5849241915557368
1.0,-0.23671642725375497,1.0,-0.5183608461566664,1.0,0.37525060480877037,-5.527417899910543
0.32684950411295,0.4140520869130335,0.20609342649002405,1.0,-0.12808975167512127,0.9296667748564338,0.9890392014823457
0.17177761558077265,0.6076399489429102,0.25979751150956565,1.0,0.2796114198333355,0.6558778366761515,0.4224609978765282
-0.14821726777045918,-0.11055792387551233,-0.5020730223119354,-1.0,-1.0,0.6782275084662488,2.9386013785775678
0.42869994604744954,-0.4698942139740171,-0.5697078518002515,0.05504879451058564,0.30183604660505925,-0.5115193795835546,-0.3408407077724577
0.27681150436130764,-0.21122350670395068,0.4205803440457023,1.0,-0.7316846785090212,-1.0,4.240926852830042
1.0,-0.4807386577942995,1.0,0.6486862873281458,0.5354472770819138,1.0,-3.248140780972217
0.9091562912270735,-0.8154980245761867,-0.453968472739665,-0.38868659665040806,-1.0,-1.0,8.42061499718548
0.16121981612492103,-1.0,-0.3435985269216806,-0.4080677708428498,0.9999389230494307,0.44259075805751524,-1.395139738919106
1.0,0.1504402200363073,-0.07162855559608505,1.0,-1.0,-0.17344097739789296,4.126546800037438
1.0,1.0,1.0,1.0,0.7943217027942978,0.8352658880197725,-9.577182303938086
1.0,1.0,1.0,-0.24920824232932215,-0.766389555330946,-1.0,1.8591828182677572
0.5552419646325548,1.0,0.8387965125431227,1.0,-0.20287797264136792,-0.599266610537436,-0.5850235042306438
0.7145626480234766,0.6632036873203251,1.0,-0.46030576094462206,0.7295797988121975,-0.7104998770662105,-1.741981768813971
0.3202065455658476,0.32305349348128,-0.35634111389453504,0.23330540209449746,-1.0,-1.0,2.727946224012556
0.7976608028417017,-0.047166619831017886,-0.49983382462838505,0.18246458449047775,1.0,0.5940788285926608,-1.673849320349421
-0.7136155792266636,-0.1785984706957482,1.0,0.4778413364596239,-0.15957922745522163,0.8318853011172935,-1.9525530249176473
1.0,1.0,0.09684313422543189,0.12355404690619659,-0.21872769097849876,-1.0,4.9821238393006935
1.0,0.818961810775785,0.8080644630801942,-0.2189457736519529,0.23610337638438028,-1.0,0.781247635187966
0.641233327150755,1.0,1.0,1.0,0.6499893123917136,1.0,-7.450974293256021
-1.0,-0.18280101133726834,-0.5646770592573809,-0.5907234070418732,0.15165701823548272,-0.06809065024384409,-0.4571282312021606
1.0,0.4184105994168823,0.30561686663970256,1.0,-0.2795671181532372,0.013249580733036614,0.924618899326035
1.0,0.3906991403171206,1.0,-0.1355852358396279,-0.2161321335753938,-0.09181393376821095,1.0524978413336155
1.0,0.21293793539968098,1.0,0.2525184929632043,-0.7497605098800568,-1.0,7.453132828848233
-0.5000598747764881,-0.022492487903539374,-0.8159700163048607,0.37630623868414764,-1.0,0.22139195515600263,-1.259670523577327
-1.0,-0.12617976517703444,-1.0,-0.6469014894831289,-1.0,-0.11840042094775771,-3.265022327988882
-0.6889004002240363,-0.30047739051856914,0.8403527419618422,-0.31267200608884843,0.49548778298080753,-1.0,3.4708552624230378
0.3122903162601288,-1.0,0.7281420375019199,0.20757800654376285,0.26786510664645047,-0.8776575532124462,4.56924340508549
-1.0,-1.0,-1.0,-0.7164830034978595,0.061615236445070054,1.0,-0.6699816885723601
1.0,1.0,-0.048465424195037354,1.0,0.8002544094573623,0.36136966646741886,-2.368387670673447
0.5655939087614729,-0.4304152211472732,-0.9730140400465291,0.18655815157581487,0.4538934520832576,0.4111290347630323,0.20516634579153273
1.0,0.16204915376690687,0.8400220301167035,0.22052038776093696,-0.970332888340579,0.09373800158031532,3.821556471683504
-0.7106855360349418,0.3738130116805879,-1.0,-0.00824848569994796,1.0,-0.22328097694954482,0.532732564480366
1.0,1.0,0.9508107729877182,1.0,0.8787739937808402,-0.255611289421106,-6.640292360805468
1.0,1.0,0.1915970676215708,1.0,0.011864217592847504,-0.5064072230442103,2.893248745272052
0.02845352112017774,-1.0,0.41368734216198866,-0.7158462260046015,-1.0,-0.40091391521846587,6.925899406487983
-0.19544573084458056,0.08636218482938651,-1.0,-1.0,-1.0,0.8994005653348373,5.711596437569184
-0.8838923980029063,0.3296410381770316,0.4750560781120663,-1.0,0.8892711407271445,-1.0,5.668887208309015
-0.09785612371410968,-0.318416941222606,0.0824068286341576,0.10910410423927286,-0.6265281949133039,-0.49887353201207074,0.6206926470291657
-0.2738339064719763,-0.20179024718736904,0.7131413544514117,1.0,-0.8340752227608994,-0.5553718356990969,-0.013619486157584362
-0.9258188745321158,-0.8999208951218947,-0.33296252978219454,-0.4442544313271627,0.9401840177511833,-0.867563351632664,5.736184739166762
0.5237320600292401,1.0,0.9568934318600524,0.19841475788539742,1.0,0.38936557695225726,-4.103397338231426
-0.07928967859291922,1.0,-0.13119430455674275,-0.687572708644466,-1.0,-1.0,0.5243832547940181
0.18140512948869764,-0.19740188542819825,0.7198638970354695,-0.4867773133207769,-0.7358165812765798,-1.0,3.1074779727497397
-0.2612265555845058,-0.7904883007619339,-0.5790476007472399,-0.9432948072581899,-0.9468376567784493,-0.6846793551049564,3.287409557325169
0.2936351020586254,1.0,1.0,0.538809254195927,-0.4980041317438038,-0.23865538074677115,-3.009430153334665
0.48121568587827035,0.3576522243986078,1.0,0.3249625645279772,0.020683855403431428,1.0,-1.744012203374954
1.0,0.2285310973999377,1.0,0.3465958404751627,0.13316707209610223,0.03653721192916137,0.09998912326656828
-0.1085736938899442,-0.1292921870717032,-0.8302724401218109,0.04632375696806873,1.0,0.6129426327486089,1.759025022702828
-0.5282428985261465,-0.6772788147604517,-0.6562351253750687,-0.8017325553763108,-0.1978863492343641,0.4856745664496399,-1.6571032057143258
-1.0,-1.0,-1.0,-1.0,-0.6488342747571684,-0.32041681061170935,-3.2243563897928587
-0.49078196190531725,-0.8379675936072801,0.5484868606308908,-0.28163376306521737,-1.0,-1.0,2.6715210534246916
0.26485208552718087,1.0,-0.25734278884773265,-0.34998730995840316,-0.39960473088053794,-1.0,1.9576269279830176
0.35792260944360077,0.25928436264086874,-0.4952086166120012,-1.0,-0.8629808367966181,-1.0,1.8991322199059701
-0.9288791815771639,-0.11463056198072619,0.4771947900835365,-0.3736317567177093,0.1630803905403636,1.0,-0.1688208036725722
0.5132105962028426,-0.4220572703499509,-0.38786961880072,-0.46028482007048765,-0.5823381122540678,0.5505520552619534,1.0694297227796763
-0.6684178505309859,-1.0,-1.0,0.15252711849337733,0.002730847781827528,1.0,3.4747830947429152
-0.8906281463090537,-1.0,-0.16717329570594214,-0.3804776543522639,-0.9044059234247123,-0.6554947961662206,1.1766937213723332
-0.2873127630440264,-1.0,0.6060373109465742,-1.0,-0.3193971204529489,-1.0,7.041880532273477
0.5256359805125257,-0.13519519595038665,0.5840739083964732,-0.08135468197215118,-0.4676710349651354,-1.0,5.062786261097648
-0.07737060955457364,-1.0,-0.016332544930310028,-1.0,-0.3721842176850687,-0.4209667778404543,3.2756161678883915
0.03512286859281222,0.26553680999468643,1.0,1.0,0.6139581473166178,-1.0,-0.6772681769876525
-1.0,0.44355475120700727,-0.9697673120669481,-1.0,-0.756319833020886,-1.0,0.8773709963619185
-0.0446617158790063,-0.2799612176737046,-0.9218927191128501,-1.0,-1.0,-0.2616197730189085,0.7956828826590536
-0.5071304732657909,-0.85858210023588,-1.0,-0.3204419504810667,-0.6716043722958126,0.5236443258467844,-1.7250426459920924
-0.6340808143230725,-0.7656368406927367,-0.34616340596617434,0.05016431702821461,-0.4100536515817535,0.3343564453258808,-2.0440474162499322
-0.29280365314149237,-1.0,1.0,0.8072210806230627,-0.10086645710505737,-0.27174180499597533,1.889952985430068
0.7649810252433431,0.7651078916127971,1.0,0.2287672295142451,0.32456286282120594,1.0,-3.6911498193529435
-0.45914550031177725,-0.37098430232178625,1.0,-1.0,-0.42862063839330977,-0.017267997700485926,-1.222291385893709
-1.0,-1.0,-0.6193268537173936,0.4708401976381935,1.0,0.5293440402305782,0.19039077389836945
-0.5604253640550814,-0.6872916983101189,-0.946178346699196,-0.6107373476542322,-0.6331501735343644,-1.0,3.2814672041844446
1.0,1.0,1.0,0.6932517852682322,-0.5994466685890721,0.5152531526220742,0.04526936227559314
-1.0,-1.0,-0.9102814904321048,-1.0,-1.0,-0.8770467578764798,3.6559604166808737
0.3503400197597548,1.0,0.5689570588567503,-0.08499756391319413,-0.6557727335182384,-0.24624288481748957,-0.5465946795632308
-0.20714022870690452,1.0,-0.26685889111581984,-0.36950462226458125,0.16354804207680307,-0.4893555661549006,-0.7518510607922542
0.038435402814954056,0.6680947297663227,1.0,1.0,0.03497242900529507,-0.9655723216031112,0.5617595185451283
0.02903665161558211,0.7731519606546188,-0.4494917375468923,-0.088300244121576,-0.6028037304244867,-0.024599094347268424,0.6969031252389674
-0.2769253327570591,-0.23444893289852153,-0.6900666461320496,-0.2914264800363278,1.0,1.0,6.0995004465478555
-1.0,-0.15680119247428054,-1.0,-0.10846703348789821,-0.9074513053450181,-0.11192401560762666,-2.9053876402339127
0.7924072853681257,0.24015441753810784,1.0,1.0,1.0,1.0,-4.463159144566829
1.0,0.4992453201043878,0.024311375035473204,0.242983373955173,-0.7045593948302692,-1.0,6.190235974248409
-0.47690295108425623,0.3587523560060687,0.6059667120799301,-0.6611257080495224,-0.7394331964640066,-0.3828101859598501,-0.11060077900030651
0.4181310732600664,0.5123452209388614,0.018487585449945776,-0.44917230337727365,-0.36564249445982955,0.6111821269434691,1.9167342202818447
-0.12014637630618574,0.2796459371352511,0.42517032284018896,1.0,-1.0,0.17887155448893108,1.3811143462191133
-0.34418807155277187,-0.7993779640976437,-1.0,-0.5546468820024242,0.290353008069936,0.32522392364011266,-1.4235574846598837
-0.8484681885402752,-1.0,-0.1527508324720589,-1.0,0.6062921003047989,0.4673448212900202,-0.9144092513025341
-1.0,-1.0,0.15125943970528632,-1.0,0.9901621845468243,1.0,1.719251359918622
-0.1777838555507928,0.23032707124354157,-1.0,-0.12964418377559372,0.11588092563178903,0.0811598017275652,0.36465644531338787
-0.7425859806277751,0.6247783544975724,0.9590695587355308,-0.3082942373352333,-0.10390040582860877,-0.05923438870725228,-1.2004098084303407
-0.8344005910913569,-0.7152658715024975,0.3798681470034828,0.0690186420982796,0.13032411120827297,-0.8125032656643435,3.6599195494698584
-0.7163392645620857,-0.26302088409547464,-1.0,-0.15508154494921372,0.2094939077125821,-0.7654416812870484,3.472235854813702
-0.2671523923090126,-0.6544875859184218,-0.09243941155969271,-0.9617834184365095,-0.45724835966105315,0.26287708449685265,0.29644700505744687
0.10629399098438941,-0.9989867425951362,-0.6020577825899186,-0.10940327101646397,1.0,1.0,1.4538781684985023
0.8069061840479036,-0.5409397516834189,-0.32637691544502223,-0.8218501117773378,0.0140293747963523,0.4090114524656615,-0.7537278813499813
0.48957093921119177,0.9307665810638783,0.7642470363832093,0.40055943118610904,-0.7542828322496076,-0.16231756450121576,-0.08782725597211817
0.41296459373215827,1.0,-0.6051512015322138,1.0,-1.0,-0.09825863821603975,4.3309463918914615
-0.39719183041496064,-0.019998882052856548,0.6095116325414879,0.7215226349549895,-0.7720847877965492,-1.0,1.2810610726505323
-1.0,-0.5798923312852083,0.7871594435021568,-1.0,0.8907633613118449,1.0,-0.9896813352425008
-0.495022415128749,-0.6482890544170443,-0.36320930791319705,-0.7455461894648536,1.0,1.0,3.883310167228756
-1.0,-0.7409092699311406,0.16152578108668325,-0.7007110024123726,1.0,1.0,2.7800538060868707
0.5471456677581583,0.5012023292221023,-0.9553609811305235,0.3860914800506701,-0.7545831742852211,-0.3753160774884694,1.6704568057361655
1.0,-0.1072177272293598,-0.054411626353834563,0.9542767593200868,-0.31209270777012676,-1.0,6.403285089638559
1.0,0.49397722531170674,0.8667092652310879,0.7606102638726,0.4592207725348433,0.4894322488797872,-3.0650859515252282
0.3882060830316787,1.0,0.725817935348213,1.0,-0.22566069141957734,-1.0,2.7576719908820584
1.0,0.9851674752834269,1.0,0.17459499377826027,-0.08320650356081771,-0.1691394176912145,-0.5499318782149
0.26231361877752835,-0.2936096326610313,0.07049063501599884,-1.0,1.0,1.0,1.9593134889861
-0.45171562962255796,-1.0,-0.9428011163040474,-1.0,0.11248045860065312,-0.711388457415577,-0.909682321553729
1.0,0.7409748162843648,0.8015527906152069,0.13375882503400138,-1.0,0.39214617026882836,1.9137559210528723
0.1627730578535821,0.13698171712844343,-0.967136098259785,1.0,0.5507683156053028,0.4981285782294479,0.5178209100079016
0.29237674514160616,-1.0,-1.0,-1.0,-0.3668709519180289,-1.0,3.801763271119092
-0.1810314790860421,1.0,-0.9155058371064357,-0.5555991174206686,-1.0,0.36047132346395183,3.167374561974029
1.0,0.06874661904589097,1.0,0.5714161322397082,-0.4226475750727309,-1.0,6.079330435788765
1.0,0.44024074272745223,0.15492712816424042,1.0,-1.0,-0.9474480158759647,7.946417206104522
0.9866611383636807,1.0,1.0,1.0,0.16096777549593255,0.9030868937615262,-6.204348818146683
-0.08537357549640623,0.5008733340657336,-0.0046517943197016964,0.14090718489754706,0.8235475071589529,1.0,4.465145592417603
-0.11186137754699393,-0.057935574257113376,1.0,0.1763109571058305,1.0,0.6060319551059732,-1.447294939478779
-0.254683264317104,-1.0,-1.0,-1.0,0.011854691551723917,-1.0,2.5414371667770244
1.0,1.0,0.19968209192429154,1.0,-0.017036597676960086,-4.054698517852451e-05,1.1544137662144223
0.024235418364372874,-0.5832971365703419,-0.03021433973728621,1.0,-0.32991161996711965,-0.45162236380662224,0.7936461264712064
1.0,0.08597524124328015,1.0,1.0,-0.29800689635385114,0.5884187844778275,-0.7858489755428391
-0.1882600240078045,0.37567993906908015,-0.2956751729195918,0.22231654659585154,-1.0,-0.8184190130273186,-0.6921496397030622
-0.40100151428549763,-0.8561596909061654,-0.17057324462509918,0.8234818306077694,-1.0,-0.017111982325654918,0.57113383849812
1.0,1.0,0.03724843522540541,0.9647532435350531,-1.0,-1.0,11.310140211577028
-0.9368480209329977,-0.1939525537488529,-0.9163014734216322,-0.6457855852139218,1.0,-0.026255123998781937,0.5946619438485119
0.24484330903991824,0.7706840932961463,1.0,0.8159325611463814,0.5643007240126476,-1.0,-1.2871239881747976
0.23751272617233943,-0.6172548615485489,-0.2620425050360369,-0.5635910950552243,-1.0,-0.31332925993743094,3.2360133843968084
-0.13863938591528557,0.093730733210865,-0.6267966224518778,0.5341694619701427,0.47835737050259947,-0.9794196159879673,1.511552916314693
0.5367255286998163,0.019028608484877974,0.6834145418234185,0.16629088196464437,1.0,0.30430664690626286,-2.5460923679835377
1.0,1.0,-0.3066147988607617,1.0,-0.7639522299051607,1.0,7.675909916609603
-0.23495895299680974,-0.04949969310071213,0.5600620530698713,1.0,0.42010299315323385,1.0,1.4273404068538604
-0.8664555335975581,0.3963194299903243,0.5199287643709642,1.0,-0.38291304921727065,1.0,-3.4002464677480693
-0.4106978399771445,0.40498033512024073,-1.0,-1.0,-1.0,0.46665821823314046,1.7362275126500246
-1.0,0.31229285639909354,-0.5896374725654894,0.31055520549173216,-0.6499844237210987,-1.0,1.2814638836240584
-0.7223063514623036,0.3124820978911627,-0.7537995136442612,0.8670308133973141,0.08757346426420265,-1.0,3.1563540644876706
0.13793601690227497,1.0,1.0,1.0,1.0,1.0,-5.815222190699911
1.0,0.4961815055858386,0.1769135679860907,1.0,-0.950068374363582,0.3018945050775116,3.7653266468125106
1.0,1.0,1.0,0.9395274757594876,-1.0,-0.05150400838252356,3.6591082783746156
-0.3440420573982695,-1.0,0.5548369318022763,-0.2514090361073421,0.15564472008176794,0.9851053398480755,0.29888171788171874
1.0,-0.49243558467384374,0.44504002383214536,-0.4810014312151663,1.0,-0.6874945369796406,0.27365303339520264
-0.6131998563536909,-0.163727134207438,-0.741903830039517,-0.6627434893695368,-0.27159389640922216,-0.1639737822686218,-1.1742823414557515
0.8232670853556254,1.0,1.0,0.17945617901435407,0.0463298319729577,0.36693079103504356,-3.294266474428533
-0.21045159713149386,-0.12750588311046226,-1.0,-0.46263239617188856,-0.8084396705919763,1.0,6.416117095567274
-0.4434148597010913,1.0,1.0,-0.3255215444507474,0.06585397844301388,1.0,-1.7294131178086964
-0.6248051594409345,-1.0,0.9722454440590842,-1.0,1.0,0.9335080403729261,-2.511517890708524
-1.0,-0.2548712929387116,-1.0,-0.03748128894770619,1.0,-0.7584079838637109,2.1813448647609084
-0.5572521888407325,-1.0,-0.4428654244774317,-0.05995859747766619,-0.3895914150098708,-0.7661185407708402,-0.5046148723740853
0.5863495633936446,-0.5188155667397404,0.2554873856223786,-0.9687372232980866,-0.3133756870690676,-0.3497725242291971,1.8827890332476132
0.25607141359610175,-1.0,-0.839241317891686,-0.04206168606846461,-0.04144324227134888,-1.0,1.442172473340828
-1.0,-1.0,-1.0,-1.0,-0.08341234717947854,-0.5937864286800416,-2.7677373027704277
-1.0,-1.0,-0.6162301492147302,-1.0,0.1406001134032484,0.061615254806725916,-3.7762815112549912
-1.0,-0.34820617834866097,-0.13208548476636783,-0.9734004637590443,0.5814365206888993,1.0,2.4413846096745027
-0.9230898011386369,-1.0,-0.37974683327811376,-0.1527913260881678,-1.0,-1.0,1.4464664990057716
0.28477941171403187,1.0,1.0,1.0,1.0,-0.1620525504996968,-6.504386596103989
1.0,0.18923742390374554,-0.5992992298630607,1.0,1.0,-0.16218288260535663,-3.0939753852713747
0.7449507874662227,0.6420552602559323,0.8333011005593514,1.0,-0.7187794826010114,-1.0,6.487581916881663
-0.5318728579599146,0.11234835987546421,-1.0,-1.0,0.7735427806111361,0.8541137462803969,6.41749386479106
-0.018995498398948985,-1.0,-0.5343610799203802,-1.0,1.0,0.3916991415411455,-0.9413658536258682
1.0,1.0,1.0,1.0,0.9292535961628319,1.0,-10.495895552142407
-0.7294657787788783,-0.3561468500631771,-1.0,0.3871975208558609,0.51425977914171,0.06675245498385773,-0.33163429183699894
1.0,1.0,-0.41235694076325696,1.0,0.23665154820466572,0.28492696146304797,0.2741604185665589
1.0,0.25997206525537764,1.0,0.782103510482505,-0.15419951825692485,1.0,-1.5464129736374623
0.12061619091485684,0.054107838363908256,0.001574503666320883,1.0,0.18149616865552298,-0.666412841148034,1.1358236969221458
-0.5229246056457978,0.8652089154724127,-1.0,0.4437691639168139,-1.0,-1.0,3.92694569181815
-0.4634275590503916,-0.07489827776794966,1.0,-0.0864139022992485,-1.0,-1.0,-0.6560305285017938
-1.0,-0.19826098636071288,-0.4219679925641482,-0.12125899031881923,0.08699152707472946,0.8727039303006112,2.224904863359129
-1.0,-0.8907920043966686,0.5509180721183358,0.9638337836719248,1.0,0.2938652149591353,1.3546591574818923
-0.7070701702626736,-0.7476253048237957,1.0,1.0,1.0,-0.38985832575962454,0.24822170852548348
-0.525345937552042,-1.0,0.18109206259832966,-0.1709362261522004,0.5332941605465576,-0.12431080278411424,1.9575490773008941
1.0,1.0,0.9197523862039714,0.4840246489963571,1.0,1.0,-5.745150021423814
0.8018046479113883,1.0,-0.6094144613348216,1.0,-0.13929259867141375,-0.9702407822718132,5.938614392939224
-0.06551146451508283,1.0,0.39828646657141376,0.8710144119205435,1.0,1.0,2.7517838840148334
-0.14061119281395357,1.0,0.6141680759484786,0.4938810853920336,0.6073317411383472,-0.22936767587598905,-1.4006785134389206
-0.5379082881211585,-0.3690429511056485,0.42215737284848887,-0.1451567917787484,0.5933489975756501,1.0,2.4741610670794643
-1.0,-0.11271403920357681,-0.289161129880114,0.4200553906222724,-0.1691011273787575,1.0,1.5382501403274795
1.0,1.0,1.0,1.0,-0.6826469863395283,0.3904774283619936,1.0568265369771233
0.8320993636699199,-0.3379645609192828,0.12442370795511948,0.43453297887687853,-0.04184410689890572,-1.0,4.656465297354154
1.0,-0.12441709181767635,0.8916963857382609,0.4535629524561691,-0.28176351307144754,-0.36765097925888957,2.195599352652789
-0.10901395616479459,0.47786958144350805,0.6184581141290126,0.22819497072163653,0.759371548542394,0.5700479971356525,-0.4762058198668627
1.0,0.44647703091111257,1.0,1.0,-0.8626074977608383,0.29075606587975567,3.2508724340246427
0.4611853548035464,0.21008807329372042,0.8430649578773737,-0.23394966561527966,-1.0,-1.0,3.0010030615006063
0.8257678964516151,1.0,1.0,0.8990625369199077,-0.4121036187783049,-0.4520407169490941,0.9427008458268757
0.2875762834404769,1.0,1.0,1.0,0.5528215036395383,1.0,-6.327439417574571
0.42204187582829844,0.006648441919606618,-0.8344757154585896,0.13359081146885787,1.0,0.9118169322069323,1.7992727273288027
0.2014370330204387,-0.9876100159616026,0.04101544372423582,-0.05440947718751321,-1.0,-0.738901053018925,3.6743351345920408
0.5811755457490342,0.1613576422161993,1.0,1.0,0.4959000365381656,0.7521225358369656,-3.6600438423204142
0.14943309703956875,0.14974068545368485,-0.5310088256644943,-0.4324901843308979,0.014338775793482916,-1.0,2.132527463237402
1.0,0.997412071500047,1.0,0.8501823860685783,-1.0,-1.0,8.02734853244324
1.0,-0.18507922354553163,0.8736146305285848,0.14491373363649263,-1.0,-1.0,8.12992210860507
1.0,1.0,0.734777226808683,0.3154172363064187,0.841927639973483,-0.2683996731208329,-3.044780050768356
0.32313398006730193,-0.7385658954965105,-0.6465559792766449,-1.0,0.41756019217737106,0.25955975076095916,-1.886161646531502
0.8036207362379684,-0.7722612267375235,1.0,0.5056597751704619,-0.5396769589167264,-0.699768375005239,5.913301232572275
0.23373083069494996,-0.26618497902686444,1.0,-0.14481614419513134,-1.0,0.47601128006219173,-1.1181505737805015
0.9373487430040592,-0.6461526064422727,1.0,0.7545706910050379,-0.04391767116280403,0.3576366737855093,-0.5000482226840387
-0.5085129899819124,0.05202602525449462,-0.22938779531481102,-0.13239769331352597,1.0,-0.528696595614399,1.3286738252192527
0.5493574052055483,-0.29987723699541136,0.24547678500710793,0.7596030796484362,-1.0,-0.33976859433658624,1.9782647214629736
0.25189456275463384,-1.0,1.0,1.0,1.0,0.5726686284940917,-1.58938206814834
1.0,-0.20780757990889476,0.15586956429571064,1.0,0.1298568035151102,0.06363738361567678,-0.5879943590356349
-0.14247595516117517,-1.0,-1.0,-0.5329818830362619,0.15777428710990182,-0.008778789213330085,-2.9279968960570444
-0.32263092261029974,-0.18684950929668015,0.9125095659969782,0.4399629055499213,-0.3218130329304608,-1.0,2.0112797574202075
-0.3870281845402968,0.07592651262341171,0.168807518909316,0.8015772316638288,0.6555914851517723,0.9556770705825923,4.228646550660992
0.08036215298713811,-0.8157328399221047,0.028338970917010514,-0.5562598298450672,0.43040441415419123,-1.0,4.6871477030222835
0.5368616554762922,-0.03779897865629598,1.0,-0.07357683386971661,0.2767427584798399,-0.8945342060913088,2.1647686326924593
0.4661954302897954,-0.02138547631779461,0.5426696312318291,0.7085175261216836,-1.0,-1.0,5.645155993267266
0.5769487617056203,0.3345396026436144,-0.23076462624507318,-1.0,-0.42190673566710024,-0.5071344683593688,1.4815223596795444
1.0,-0.5945782005699656,0.1188001581715169,1.0,-0.11437862523499709,0.5730288180248464,1.2890111591196116
-0.1356817325018992,-1.0,-1.0,-1.0,-1.0,0.5421426725575366,2.450759847099526
-0.5335044093704884,0.7524813514384391,-0.07795832615708065,0.49282091298004094,1.0,1.0,6.800500038791317
-0.11214081052158248,0.1894225280334502,1.0,0.3460354487737203,-0.00030578316276130835,-1.0,2.8687422111139846
1.0,0.455487741169069,0.27143167201714313,0.5531688109679528,-1.0,-0.6274907255319022,5.112099206232978
1.0,1.0,0.6342790743724375,1.0,0.7773425335825684,0.5970240887072708,-5.41698145078939
-1.0,-1.0,-0.6115686925918368,-1.0,-0.4785089823409193,-0.22060449224635487,-3.1792346801826374
-0.5086121264215282,-0.32505841413237,0.6917218017768194,-0.22494746196323195,1.0,0.04523252639561015,0.33414801596878835
-0.46089984654573946,0.8008729990769732,0.33625811944865835,0.345143976030285,-0.4482997750417299,0.293473846602632,-0.6235622829408101
1.0,0.924333732342137,1.0,1.0,0.7560541460239574,-0.24087446020116965,-4.559175799341331
0.08729355738762001,-0.0009887484235180377,0.6736299764497449,-0.5284149764624473,1.0,-0.06280981834556676,-0.5447830151351309
-0.18358289063002986,0.2310744547582395,-0.9108371588472561,-1.0,0.41982446702626375,0.13647477956506937,0.1972091375020011
0.36886412537951024,0.9080570681324184,-1.0,-0.6275086951821377,0.4010171476561631,-0.8684353093658415,-0.8901040541914056
-0.25255212226967894,-0.8656544848305932,-0.4930156925796323,-0.6279710964985408,0.10434546855230725,-0.9608775486991536,2.978967094279194
0.22792602288120148,0.4775014193601318,0.31779789443995193,-0.32199558348267804,0.12231986632027578,0.7944213530497455,1.7927475420528558
0.5976742095220904,1.0,0.4745108884006318,1.0,-1.0,0.5003708686178545,2.1359417130114684
0.2843937554092843,1.0,1.0,-0.8710961746474457,-0.1137453802748151,0.289156445898288,-2.639682881693721
-0.7736979726501382,0.26817835569921544,-0.4079534046787259,-0.4463710560726239,-0.6262268561358939,0.0914732602950763,-0.8092161342190092
0.9745931919943307,0.06280060298213629,-0.19867595316651582,1.0,0.1173251920391778,0.8484776357470103,1.2029410732583306
-1.0,-1.0,-0.9528203492630154,-1.0,0.529852863061492,-0.9980144320780686,2.4893101185330053
-1.0,0.7078684332745075,1.0,0.7734701748692998,-0.794521345075679,-1.0,0.6157677776902233
-0.5926501257165714,-0.5966476479904053,-0.7240370426690255,-0.17322480220188485,0.681308810509808,-0.6062248047227635,0.8841036784523879
-0.41180396032936567,0.8467783860226689,-0.2689932727006292,0.811495914664306,0.21519886005308203,0.9181789201791402,2.9392512549830974
-0.972030224508291,-0.7661285118526631,-0.23028178089327667,-1.0,-0.2941664750128237,1.0,-2.3769618779971564
1.0,0.38609750165626255,-0.3986332360238004,-0.44148014449371364,1.0,1.0,1.370463475848819
0.011282810112712774,0.8644238582201123,-0.6227013219273205,1.0,1.0,0.3852238211614022,0.5704931528346366
-0.23368623222500942,-0.3353514616776368,-1.0,-0.7087366806261903,-0.2335953004010327,0.43009790371523143,0.18204443915891497
0.2775172515142521,0.6561251834403166,0.9435939181254127,1.0,-0.8796283508012525,-0.4248819207851229,1.4060386861420542
-1.0,-0.40372859403625405,0.8223550744197046,-0.7213016434647276,0.4649428590601491,0.047714934817414845,-0.18124467462024108
1.0,0.4964331011172902,1.0,0.6416730329904077,0.7058732436247994,0.774946493966939,-3.8914186510184807
-1.0,-0.35799548199877074,-0.274769834020893,0.3472084819200323,-1.0,0.05621009819583964,-3.2564376651295674
0.040832085375983485,0.0024287301834237107,0.5214823764251644,0.04388945355645624,-0.5783183169494883,-0.4765928425168877,0.5434159327029463
-0.4096798564399096,-0.07616475385311675,0.02101117989336243,-0.5941351298915358,0.014856011084581178,-0.3981651733164611,-0.3776349039349618
-0.03048974210710001,-0.5653348055272087,-0.48880769992834233,-0.19989448788880815,0.014053862651457638,0.5634775547757143,0.21874600056167154
1.0,0.9462538372824705,1.0,0.3866716116962563,1.0,1.0,-5.7253363054626965
-0.3943138996255393,-0.24366866215873828,-1.0,-0.43085068324548836,-0.19033680027928435,0.8506038959883742,3.752230452151055
-0.5059139517479057,0.7977757034097277,-0.17829228349967724,-1.0,-1.0,0.9640153939294545,7.12888271829365
-0.39063325134592497,-1.0,-1.0,-1.0,-0.7149873904654245,-0.22900085951847504,-1.9701608851386194
0.16457451442700982,-0.016775049317697133,1.0,-0.902451180036389,0.7504124376354644,1.0,-2.5469003932704357
0.03630404196651549,-0.8598337182700443,0.2765360278345522,-1.0,-0.5982523991938917,1.0,3.6313833442120123
-0.3259991385246783,0.7746536924492119,0.00927816885432542,1.0,-0.002354254048178281,0.10386161299990465,-0.5282673996571372
0.5532713099009162,-0.47109773476982125,-0.05275088795252658,-0.6158379752772902,1.0,1.0,0.6031840593002304
0.06495504760536269,-0.18910826204885134,-1.0,-0.6261612177345572,-0.6648957860777003,0.12329872427505184,-0.2780773858551582
-0.5467651225204646,0.4246576672379495,-0.7084617495454781,1.0,-0.5434816490598776,-0.027112806235709996,-1.4699751934026848
-0.07929263010595464,0.4207565186354028,0.9884115177051611,0.9892473179232294,0.7224416342772881,-0.5554895825399777,-0.6369293537248919
-0.0432376186125063,-1.0,-1.0,-1.0,1.0,-1.0,2.163571832783609
-0.11302257695754184,-0.7340013452926997,-0.4154856146702298,0.22018849564977627,1.0,0.25679888070089174,-0.5796016881726336
-0.3395195845145628,0.6198561443405489,0.2903906084057394,-0.18543701805402657,1.0,0.5866715821811752,2.904753293721506
-0.07863561940188851,0.5196185036231227,0.22156248858199046,-0.666421020894819,-1.0,1.0,5.454534755826794
-0.2066503241964212,-1.0,0.7865734500483401,0.1339731664190117,0.16998834939366167,-0.4906946616457512,3.518394688786029
-1.0,-1.0,-0.6493271666325389,-0.3382255914698995,0.8627826696605901,0.18726878116214338,-1.635512434340752
1.0,0.31627830171187205,0.35724218940371416,0.3348210722715774,1.0,0.72763562520226,-1.614317164358419
0.9694945434457876,1.0,0.8937615068433974,0.05291079561764134,-0.6120081645253378,-0.2240634150176085,-0.26865446411165383
-1.0,-0.4684758089537,-0.3518558901743643,-1.0,0.07624153018135282,-0.38319082923017106,-0.10118197768458703
1.0,0.5776193796100357,-1.0,-0.49984398246548456,-0.4302226895945769,-1.0,3.240222751341776
-0.9247358786659233,0.07755145734269725,0.1840723200436849,1.0,-1.0,-0.6401220509421728,-0.09004350152341545
-0.599941602055464,-1.0,0.027078573850910836,-0.31221204739733666,-0.09644485605073161,0.2860830149803531,-0.7724389105594441
-1.0,-0.97990410780503,0.7169025135278806,-0.8472517075271637,0.5567970307026817,0.17794555866294226,0.4606744255324081
1.0,1.0,1.0,0.5434746093037153,0.3389863977669576,0.37515333870688433,-4.70503715010813
0.8592388818931573,0.7263025129395899,0.1632364803606154,-0.6248312699218341,0.6104983509717792,1.0,3.360528194120549
-1.0,0.006576945516524324,-1.0,-1.0,0.2763949639621637,0.16577605925391925,-1.5990626648056654
-0.5911905084386544,-0.15569571241820745,-1.0,-0.13595014444009013,0.1328838474761147,0.8614543554309255,5.182035348457274
1.0,0.026069791864852032,0.5847282894636208,0.5803422477412016,0.8717904671329104,1.0,-1.9857213295736702
0.8184208950928392,-0.34548273426971243,-0.3838346826523169,-1.0,0.49443763002810004,0.5842724819036593,-1.17642351511329
-0.08321750965963853,-0.6925117533076401,-1.0,-0.03103426554930233,1.0,1.0,4.43085131780681
1.0,0.4050236409216289,0.7795682518376642,0.9941764443181323,-1.0,0.27977890300280955,3.930611174484998
0.871218606337788,0.03483451379282965,0.43078462045782384,1.0,-1.0,-1.0,7.430981902474036
-1.0,-0.7523977765435141,-0.2819999423768591,-0.8643296109351706,1.0,-0.06388250105664506,3.06805795187695
-1.0,-0.2858923995605027,-1.0,-1.0,0.563540791234211,0.8767204927849315,3.5992604006214615
0.19036397841459432,0.29213271672741403,1.0,0.09421069002571933,-0.9326122106791598,-1.0,0.4641333778250504
1.0,1.0,0.9224338919579718,0.691651672675059,0.3539257766955827,1.0,-5.152788826199308
-0.5343346053713856,-0.08326469363542044,-1.0,0.08576493407081034,0.7651780844198708,1.0,8.386283082420604
0.37185243096314813,0.07940850698396151,0.2631035516421443,0.3750123335272838,-0.3758039057142617,0.6639904804534413,0.8347226929241887
0.5587534474408027,1.0,0.3644714174366214,1.0,0.18128305985288784,0.9536996958775537,-1.0043643259063293
-0.057968641282459765,-0.8112059338556763,0.3374970244302126,0.9014404546865418,0.2758948566595474,0.015556471782400633,0.16084822279580693
-1.0,-0.5390704505132782,-0.337638148361477,0.421208695281476,0.7469290834664091,1.0,4.605596624384515
0.31325016438352643,-0.692456152092153,1.0,0.9323063891041576,-0.8893012200259202,0.035802556255456974,1.0648945080440209
1.0,0.587397479439475,1.0,1.0,-0.20928268859166524,-0.1092103327806449,1.597106163119474
1.0,0.17274051791512135,1.0,-0.08034870992251647,0.22103716113651373,-0.01984354320927617,-0.5222159057023237
1.0,-0.35444162964770354,0.07972755163562373,0.6431425607461403,0.654898081867022,0.05879066862529636,-2.318109583622429
0.2527224791912861,1.0,0.5755620888531038,-0.40940060436295334,1.0,0.14930772361587596,-0.5391767087388022
0.27737393509803004,-0.6494699183594159,0.3365066621801137,1.0,-0.21277945244827867,1.0,2.7182728952291497
-0.11246069845655837,0.5656948081561947,-0.5268930372029913,0.6467516757141559,0.31630367100044054,1.0,4.856190840993753
0.7286607942677465,-0.15454643880712662,0.2599574793307291,0.47005600661181657,-0.34193163211838185,1.0,3.568681395805044
0.460764553667355,1.0,1.0,0.9258708212423232,0.8194951456420988,0.15263436214618464,-5.788793359924838
-0.9517326170873228,-1.0,-0.7193682243589448,-1.0,0.12974653837702063,1.0,-3.600751231586264
-1.0,-0.5811213409085269,-0.5081797618656092,-1.0,0.9563353580893611,0.8988793697148487,3.364315153616818
-0.31359134245102616,-0.10311456396745597,-0.27323749647753803,-0.07558614455520779,0.48725292822556465,0.08022048966552753,0.17356777877729127
-0.848064574893028,-1.0,-0.9903918266387401,-1.0,-0.6683442037453523,-0.28258146438083087,-2.1214427426651623
1.0,0.6195550378957113,1.0,1.0,0.2696235571931263,0.5645935616635518,-4.749824696217087
0.5883314998303253,1.0,1.0,1.0,0.18876293157142598,0.6448570003456842,-5.17211136226485
1.0,0.7784318034991804,1.0,1.0,-1.0,-0.1711849032563213,5.308297758131495
0.3414953302156804,-1.0,0.09609156664381079,1.0,-0.23439106285267913,1.0,5.56801056361063
-0.899501988277043,-1.0,-1.0,-0.532781586257717,-0.016127580087616944,-0.6216141939967079,-1.2994820355814383
-1.0,-1.0,-1.0,0.18618515909543643,-1.0,-1.0,-0.9991494770634196
0.027327119940883327,0.9460948610300806,1.0,0.8728775661422687,-1.0,-1.0,1.1225985720747054
-1.0,-0.7270372973417042,0.4395586613910016,-1.0,-0.9000596598930847,-1.0,3.156131174450135
-0.5021024439644919,-1.0,-0.7884115391106055,-1.0,1.0,0.4393461086499186,-2.596116564072625
-0.059775050345116765,-0.6031487960775124,-0.6717813548329505,-1.0,0.12144143088638526,-1.0,3.931821217695044
0.1987023640036264,0.8386128850141639,-0.5097788073902938,1.0,0.044035537156483465,-1.0,3.5913990731112233
-0.7783607767250499,-0.433169751866198,-0.5222588804448419,0.5142215905420564,-1.0,-0.3246398227979887,-1.689144736997529
1.0,0.2527474945561756,1.0,1.0,1.0,0.2907299403804004,-6.501795968189102
-1.0,-1.0,-1.0,-1.0,-1.0,-1.0,3.8635495663686483
-0.2920842150974011,-0.9296833993372784,0.08178087356788344,-0.9469229287346432,-0.01969479147897113,0.5386137686873296,-1.773624365697903
0.49223448276386683,-0.38545976512492947,0.05670132116812465,0.40271614359589214,1.0,1.0,2.7381591683358883
-0.11342897656768691,-0.16848979358534072,-0.6013210153932069,1.0,-0.8930514826207859,-0.2682387580101724,-0.03857501014911646
-0.41271459737314786,-1.0,-0.46805686253722856,-0.14793593987318432,0.037508382899734904,-0.3213574743079065,-0.5618823415222403
-0.7679507635834946,0.8053855060597498,0.7900593708366885,-0.4093332415196787,-0.5629357790331352,-0.2550184782702895,-1.7303437565596804
0.11672992212898062,0.3590107504608904,-0.01388061338818497,0.07504384224422878,1.0,0.4526737504318552,0.11101999633441517
-1.0,-1.0,0.5797867471659701,-0.46913193645244156,-0.44307311141779593,0.6076981160155285,-2.3474496285060407
0.5856784544886398,0.10438329194032758,1.0,0.00014045276669616413,-1.0,0.6787246783333805,0.10984215975173606
0.7410143786396662,1.0,0.35985803301289926,-0.007145170990554228,-1.0,-0.42629302663591173,1.6159262977584328
-1.0,-0.4565340600385399,-0.05237269224865404,-0.36649105696876094,-0.8459175387005248,-0.9728027484886473,1.0113701975413156
-0.2786372510695959,-0.5735334074532707,0.10717936034726225,-0.07683599139925257,-0.4893792070596059,0.39786495889759466,-0.4771819746920768
-1.0,-0.3109692202665566,-0.6849396651310136,-1.0,0.7706383021139217,1.0,4.933083006876167
-0.23480929285666097,-0.5309515659027508,0.2427970854338829,1.0,-0.6103931645207681,-0.7624205795398451,1.8502833970037007
-0.7272024649315061,-1.0,-1.0,-0.4090913065138151,-1.0,-0.6384580533211646,-2.1933471713370456
-0.4539942840457409,0.15543709876694123,-1.0,0.7887523902694863,0.3415089945135279,-0.4052312739175461,-0.6962205235529679
-1.0,-0.030184544381799183,-1.0,-1.0,-0.36716230503738023,-1.0,2.6628270994754257
0.31148487698217997,0.30168585356319144,1.0,0.5047568649736542,-0.7902587753648596,-1.0,2.5636693672180586
0.8563091488042746,0.23044712011631563,1.0,0.2812452636961902,-1.0,0.9251933452153613,2.8433360797332097
0.8790112017936984,1.0,0.9348071199891227,0.43697504030947987,0.2999848325980566,-0.13005310862648833,-3.1887778093336334
-0.4904568625661668,0.03194024094960218,0.2738352504175002,-0.5251715615161803,1.0,0.9746265635800997,3.940834122108367
1.0,-1.0,-1.0,1.0,-0.04617150003532261,-0.3560847670197417,-0.7471779210842338
-0.03944809269970162,-0.44713038679882144,-0.8633219083961068,-0.4862993024368256,0.6290413508407895,1.0,4.777725452361635
1.0,0.2519661942962528,0.4889517194381845,0.8506544563261762,-1.0,-0.5849120889952658,5.814655310533339
0.6478042217361534,0.6836102647410991,0.28412538243104485,0.5611357253113131,-0.6307671024662957,0.03534955836758871,0.7796186427446568
0.9870394725860202,0.3312467300213017,0.17481379688049262,-0.9899450512397107,-0.5732029868292441,0.10853813373192228,1.860245875479014
-0.061985675730038325,-0.3544315798367016,-0.05200922704702149,0.6011397640202274,0.34797584423838385,0.9567829268241508,2.226665328537414
0.15812290782764005,0.42302489892843065,0.9485243029980783,1.0,-0.03538208953134281,-1.0,1.7839072462114105
-0.9618720743417548,1.0,-0.3779955001770034,0.007517926195079391,0.8822608617422066,-0.32218809507778146,4.086800661868748
0.5490025332105098,0.4726989576014222,-0.5717184217459547,0.8870533739105432,-1.0,-1.0,5.124373385815934
-0.165889868813477,-0.15509888249118053,-0.9597479487679819,-1.0,-0.868741288372117,-0.3283729123880029,-0.8075817482924306
0.35482245064025,1.0,0.6265985290043261,0.3283579900433711,-0.32606863938974406,1.0,1.949880469520833
0.11813076553707558,0.9982983823940776,-0.3835106296599592,0.8455116054142934,1.0,-0.20345338396317225,0.46365224615642786
0.7661467491086751,0.6684230629333587,0.018531744003980277,0.9911897457337604,0.25447082001656784,-0.8421803591921094,2.897209147397259
-1.0,-0.15111023201083396,-0.27122111099375057,-0.9575963222680652,-0.8376205899288871,-0.5377567558653891,-0.5559770671722379
0.4001450708902684,0.9332759729242882,-0.42190792556062584,0.3985335565877598,-0.6020940766799141,-0.5740643403537669,1.7271821885589813
-1.0,-0.44958703102157305,-0.23285452326051348,-1.0,-0.6081647865234157,-1.0,3.5387143843458118
-0.45800208928796327,-0.9626551470304413,0.20289612584639913,-0.14061797040292343,0.5923523309920129,1.0,2.5707447555213934
0.1019311830638796,0.7888173974594834,-0.09910920065303164,0.8522960789354486,0.17594617508409396,-0.5045815317383551,1.202333284680759
-1.0,-0.15308058276519898,-0.2131503482310413,-0.1133259525346364,0.652357806615531,0.354793308547279,1.9070603138900175
0.058549428243948265,-0.49409656352926545,0.7959529725189807,0.516647435936324,-1.0,-1.0,2.5555286372657835
-0.3772121170764314,-0.04714678201467226,0.3327120275436236,0.4137591345655226,0.4709936595519558,0.5037853839855184,-0.23570936296483813
1.0,0.15332123668805964,0.6080355204685508,-0.24428152115068502,0.06571166038896925,0.6453932427304631,-0.1868593585857042
1.0,0.955469840215324,0.2787272831970401,1.0,-0.5935959462809701,-0.7854865742517141,6.683220749666214
-0.12393509511114553,0.1073212827322988,0.7315866446172042,1.0,1.0,0.4091138778419595,0.04797332968730067
-1.0,0.6354771707967899,-0.2015693937523969,-0.2145345056008261,0.5070005928858987,1.0,5.589875293490759
1.0,-0.2667277398614613,1.0,0.6716100230620854,0.9690444871270237,-0.6873697520005049,-2.9682935509577546
0.9479830342563518,0.3660109485214965,0.048360983464133644,0.057963210185897375,-0.3788241679611364,-0.15501699205795716,2.2591602090780873
0.7183188807328921,0.6009174272721353,-1.0,0.017467795792523777,-1.0,-0.18891077755360852,2.6992689232431504
0.5955708605361064,-0.05941709725455421,0.5400321341443732,1.0,-0.8193248731357763,-0.6980746053835518,3.3396091979887985
-0.25582613564929835,-0.39656813117727296,-0.5954951492583525,-1.0,0.8050394401602706,-0.9410395863095395,4.030469589193457
0.12049559969526466,0.6931064950644248,1.0,1.0,1.0,1.0,-2.636490799138535
-1.0,-0.07877197570785185,-0.6805465994373241,-0.6717261866446428,-0.050264385527714645,-1.0,3.5688117575404674
-0.7895313575629125,-1.0,-1.0,-1.0,-0.07582935839493277,-1.0,2.7408360490478083
-1.0,-1.0,-1.0,-0.6713252507935439,0.6403570899791294,0.42559844922536794,-5.38883620539968
-0.1318131598487845,-1.0,-0.9838794472512249,0.6771203360989031,-0.6429851603145944,0.11192226981298714,-3.1684925624421822
-0.1326670410458417,0.6099307137931409,-0.671314190547802,-0.38745771219372993,-0.18441531915610498,-0.002803154593019608,0.24574975453996298
0.9028911295935123,1.0,1.0,0.8194954984647167,1.0,0.5403221957970212,-8.426212154398856
-0.6679298839346043,0.1567193491557049,0.09065895518503875,0.9825615215015406,-1.0,0.34848349581880744,-1.383511358375044
0.6046050392704093,0.2960870405781393,0.601663646503655,-0.026734670289856544,1.0,0.822850242901902,-1.402185857564278
0.057286238801576905,0.1527251776153007,1.0,1.0,-1.0,-0.874580834340468,0.6981209571674638
-0.5339192241495663,0.25340923793783365,-0.284787418556654,0.618524647588887,0.3243102870001384,-0.03956682925028365,0.5079934410429985
1.0,0.8019525571408839,0.5040460285436938,1.0,-0.4733219314732917,0.032498477285236915,2.754051608613287
0.5880298897125311,0.45066601156570874,0.6368922394710278,0.6943696597553555,0.2183598701103635,0.006514875481066329,-0.7387503439480148
0.42815192633293714,0.7490773585087223,0.8876412133378413,-0.33373343792084537,0.948051701363174,1.0,-0.6935537910306986
0.7572553505379898,0.029127616306144022,0.29797981144804453,1.0,1.0,0.3910196487575508,-1.5423222506811671
-1.0,-0.16689771380244034,-0.4714914524359577,-0.6355411759585574,0.43810735018051516,0.20341377252134113,0.3247972909886142
-0.1909983297246447,1.0,0.4041578554574136,-0.0803565980302822,-0.4491060474387172,-0.8554705607606092,-0.1930616473588696
-0.05946409087827431,1.0,-0.26602950786583657,-1.0,-1.0,-0.2783544292460789,3.988973675334808
1.0,0.015122153642123992,0.013319885622167016,0.06339281924032236,1.0,0.5063222010849298,-2.4956398555207637
1.0,-0.33496136165289714,1.0,1.0,1.0,-0.05865012671826142,-4.946058142920055
0.8636917754209197,0.7564705957471018,-0.2568126381162822,0.264820213524421,1.0,0.38901391190083445,-1.6569894006313093
-1.0,-0.018327729699638917,-0.1099448539778628,-1.0,0.9501634624722297,0.07481946339566409,4.58313223659083
0.6990459344135639,0.3496324344422772,0.42241502642622897,0.05212546157911335,-1.0,-0.218058837005781,2.7406471019118657
-0.22107895143013834,0.7353111290209313,-0.9744296335468263,0.6077187013526172,-0.9328537818901046,-1.0,3.3202518208126475
-1.0,-0.6377036826500866,-1.0,-0.7301060133417092,-1.0,-1.0,3.402413285433469
1.0,0.24636344947207167,1.0,1.0,1.0,1.0,-6.537247825365476
0.8779873821916044,1.0,1.0,0.3928256342758647,0.479425184709493,0.26508944829066927,-5.751434235451192
-0.8037983963280775,0.47818377522510214,-0.7951915214280305,-0.6244904505731161,0.35022273398203546,0.32890868424454955,1.9243625557957862
0.1201328694500244,0.3050210574235859,0.17679136738906448,-0.5364113248118167,0.054125217335494254,0.3232722107909496,0.53209114626244
-0.5511726324169561,-1.0,-1.0,-1.0,-0.2764728719707482,0.1933273769411401,-4.404767414134309
-1.0,-0.1974357195568539,-0.6824763350629559,-1.0,-0.6986450719743869,-0.9324854353261351,0.8606603265684012
0.8041434293358509,-0.5490482443491554,0.4143354936481291,0.5424988101896722,-1.0,-0.2579249667556045,3.7656825389454287
-1.0,-0.26705957362405797,-0.08394424863774397,-0.6846752057607719,1.0,0.21611759531936192,4.018108192112421
1.0,1.0,0.46616424308409554,1.0,-1.0,-0.44862959446926265,5.403994446946968
-0.7936174681473478,-0.5318930490307924,-1.0,0.6408238689846973,0.09880169710585784,-1.0,4.941495635946255
-0.832722774024435,1.0,-0.8967741347327984,-0.6213887017235188,1.0,0.021470299921104274,5.1618459039376265
0.05175507545620933,-0.3178017033662923,0.05601770292779151,-0.02679205538756213,0.5624297395832669,0.6486505659125064,0.09794851713074548
0.05921936269031358,0.6941904296623269,0.6605603423189106,-0.20233014635787927,-1.0,-0.782437854444749,-0.8761612486342824
-1.0,-1.0,-1.0,-0.4481403694852444,-1.0,-1.0,1.7734359302345548
-0.02020422989295334,1.0,0.026963134282654955,-1.0,0.7083562195126345,-1.0,-0.3253989445039722
0.07688794547679076,0.9289976430529444,0.3287292407812159,1.0,0.8578791272320496,0.4910091021850511,-2.1041696667181746
1.0,1.0,0.08509569751205182,-0.22512428109355598,0.2129505345191558,-0.5373973681720321,-0.4041465631470703
-0.09009867914373304,0.15284942061509388,1.0,0.33313559138502336,-0.4362321029007337,1.0,-1.4229161648100397
-0.8575657561173562,-1.0,0.7639334296149308,0.2330103982636933,0.7406442994507778,1.0,2.190460153434899
-0.5002451411151623,-1.0,-1.0,-1.0,-0.37688509911655443,0.21345217354942547,-3.68847083753523
0.6014585186210356,1.0,1.0,0.5961827182683884,-0.35499473059007824,-0.4924017306212918,-0.3661496860943266
0.6481633828398577,0.6278960988507203,0.46065745950815606,-0.7359461440956081,0.5141566276807592,-0.9446167478636838,2.0284433707608245
0.06547546059866072,-0.6489069534397969,0.006504189846317676,0.6744360759138138,-0.0772988616548329,-1.0,2.7646042302987013
0.15756015541430723,0.4433040491017407,-0.18045125775649906,-0.43037079983941057,-0.37126000833871786,-0.3382878993687597,0.1189515268830491
-0.22238569079948223,-0.6750382123623939,1.0,0.9624553362114299,-1.0,0.005980985049961876,-1.611196719700152
-0.35337735793210673,-1.0,-1.0,-0.13386387856617188,1.0,1.0,3.2044708749089432
-0.7179015016845037,-0.2780857232595295,-0.47519007460184604,1.0,-0.39961569977570455,-1.0,1.8027554182856937
0.3339250654962325,-0.025354027884766484,-0.6653963219794026,0.29471174182961835,-0.2648217000135934,0.911439718051441,4.152308296183675
-1.0,-1.0,-1.0,-0.07160275353701051,-1.0,-0.2015045997930649,-7.293617771829642
-0.6051863019326698,0.7020996896401668,1.0,0.15615351034269187,-0.18250976095280508,-0.4226944108586227,-1.343395511338214
0.9353935100231479,0.3476742692817427,0.21672789177115015,1.0,1.0,-0.6489641135979015,-1.9035195570151306
-0.5550494014201465,1.0,-0.14047730867831887,0.16256403810832531,0.5914649161569777,1.0,5.998266761697531
-0.1628781178029619,-0.8676226239545353,-1.0,0.17471653035752377,-1.0,-0.021136033289473666,-2.7863124499786553
-0.5330785965774414,0.06545968459544826,-0.5302764346610107,-0.7225128760435172,-0.3551364635465993,0.35312707363565676,-0.7948564974832664
-0.5908904240575192,-1.0,-0.9662156999401232,-1.0,-1.0,-0.05290853803106654,0.4305059441517285
-0.5046492833974163,0.2520264826903815,-0.018983960748037987,-0.4449211087434881,-0.8509269269425046,0.2722259879014022,-1.2911822884606132
-0.2654989865944669,-0.038619222902187944,0.3903861614128141,-1.0,0.4275248442004187,-0.24532218391646393,1.1543142789085201
0.591155301950964,1.0,0.4394753891872213,-1.0,0.17240106012071557,0.41057802992283854,-0.0792920280800754
-0.2467762946201939,-0.41849340783081684,-0.28415168141441294,-0.04156086275408999,0.7355212797631091,0.48495893286103126,0.7927506657596574
1.0,0.9320985591960615,1.0,0.26399706862556016,1.0,0.8699948394108818,-6.7036775727535165
-1.0,-1.0,-1.0,-0.3915532053618811,-1.0,0.06357130002477772,-4.867039697012803
-0.6253068360341737,0.9356901475289031,1.0,0.8296716852750534,0.33752290572889526,-1.0,-2.458994666000665
-0.1435533356058134,0.48001289463916025,-1.0,-0.08588480416437383,-1.0,-0.5663502151738529,-1.58788800624248
-0.79326910528118,-0.05326982434193647,1.0,0.6916136465893401,-1.0,-0.2800370234039228,-2.8177066998042193
0.18862922747961056,1.0,0.2822673349801534,0.7107584986010584,1.0,-0.06248061955813178,-0.48137986381934816
0.1749233188534814,0.4215254217127823,-0.6251302667637988,1.0,-0.28633567076500666,-0.47475199188508854,-0.6602753997858312
-0.5515544195323634,-0.4730735267609333,-1.0,-0.692388940892958,-0.924656992771211,-0.9342871096556432,1.5710403639679231
0.8036308560217319,0.9606010355245137,0.8755814602991714,-0.35090360707882234,1.0,0.5017665391414725,-2.9193644156156107
-0.13341866925298373,-1.0,-0.06786241637586254,-0.47968359608982253,1.0,0.41604298513382765,0.36615451558160317
-1.0,-1.0,-1.0,-0.8535998492185286,1.0,-0.48786796576946406,-4.667804496322271
-0.6884892478500629,-0.3929257060838765,-1.0,-1.0,1.0,-0.3241249840204769,-0.6869981732316651
0.8245055903984955,1.0,0.5997418203957263,-0.014916212747419166,0.35780190549839364,0.3664451615200328,-1.6900082892491777
0.044980086482499626,0.010727574782855354,0.8137610964440276,0.3977605830939603,0.016251453624580692,-0.6421764501864056,0.9231170404833631
-0.9061843332263854,-0.26851078476041634,-1.0,-1.0,-0.9222309164022582,-0.6126022306776444,-0.7427956146821518
0.6034108922151862,1.0,0.5420667002176957,0.7914800988110673,0.5189202303466348,-0.531273324623974,-1.3189893103513495
1.0,-0.604286315076139,-0.7637629482159916,0.5941000857590639,-0.1316272952722089,-1.0,2.6137990849530697
0.45146298531219914,1.0,-0.3213596691924633,1.0,0.16502010961736663,0.3639973201550562,0.8452171687431212
0.9151021444983111,-0.5528609976708733,-0.3011241544937354,-0.57859248707989,-1.0,-0.04589744010316266,5.167328427091666
-0.6481124283825745,-1.0,0.046598159693158614,-0.9666592701390816,-0.2879738003409952,-1.0,5.809404830166576
0.5563074011460084,0.005924267039927322,1.0,0.10733279432413001,0.9883517159048042,1.0,-4.143480756815705
0.02276493426219628,0.934611990300507,0.2726184796603519,1.0,0.39453649318350703,-1.0,1.391221287928031
0.9503318546246733,0.845948322763119,0.8355659596144411,1.0,-0.3730572567656943,-1.0,5.495064866812015
-0.07713974405114177,-0.6339619004721213,0.5914065478457444,-0.30147520997138816,-0.08347032495875362,-0.028412852379952946,0.6824702658283383
0.8413288827275517,0.48142266732322114,-0.8408732875895953,0.8452336514460846,-1.0,0.011352364360860179,2.859409892177386
-0.1738538524889809,0.7456537825736373,1.0,-0.33805495447813205,-0.8991515683349897,-1.0,-1.9323918243123952
-0.593226155592577,-0.5438081153056049,-0.5052577647275087,0.10382739817076769,-0.3793812053681789,-1.0,1.4711756612327156
0.6331801594987201,-0.1478659314602619,0.44915014017602395,1.0,0.6575246668043375,-0.14603025059668606,-1.3182715104134644
0.9044195918073308,1.0,0.8990532784794201,1.0,-0.46015195650991697,-0.673391226541697,3.969277307716629
1.0,1.0,0.15422367355966227,1.0,1.0,1.0,0.049690250371298816
-0.14187628908355698,-1.0,0.3508956089412501,-1.0,-1.0,0.3775090807616891,5.639653473851018
-0.012446947316533286,-0.16447403236358693,-1.0,-1.0,-0.5686266818017904,-0.12788041130641903,-2.180662834943542
0.2180195145950885,1.0,0.39372313808411596,1.0,0.05051167172061599,1.0,0.4904251114988149
-0.07634247290469444,0.3437664533046497,0.7606458125160818,-0.7786600186656806,-1.0,0.0540832330995063,-0.05325048426736764
-1.0,0.024737958196442977,-1.0,-0.8808443356334386,0.9092091893341616,1.0,8.457215776281434
0.09347480059749125,-1.0,-1.0,-1.0,0.8622557783004962,-0.2136959914835523,-4.808417564470546
-1.0,-1.0,-0.006452407301967611,-1.0,1.0,1.0,2.641034680014082
-1.0,-0.41541406432720995,1.0,-0.8676456077437235,-0.27818672372760656,-1.0,2.716375399928914
-1.0,1.0,0.4273319109587392,1.0,0.21428433957474624,-0.2854446191882096,-2.698661976308276
1.0,0.6183520404004206,0.32105942881431065,0.476331832384928,1.0,0.11520583022547759,-2.7597689870139948
0.2627992605810372,0.9297211212924084,1.0,0.08251187367830548,0.48967390162508706,0.3259056765929243,-2.129283511133216
-1.0,-0.8665829888745631,0.8059445575141297,0.9760152283638364,-0.27814326024375147,-1.0,1.9371773424581975
0.40586289034194467,0.4554800908596208,0.353394575986243,-1.0,0.023724708560504792,-0.0548364239447362,0.44282625995966607
-0.2056002725815075,0.35718541573524354,0.17510022682680623,-0.26944632560707954,-0.5901303093768553,-1.0,0.8449906356386947
-1.0,-0.17921146828898915,-0.511762271143595,-0.35298226383747155,-0.7336166272679414,-0.255836648300124,-1.5277547972167869
0.9696707015966035,0.736034369431643,1.0,0.5046384474794237,-0.044208844816034376,-0.5538147667125869,0.7048488583543583
-1.0,-0.18922676856286635,-0.7296095906954434,-1.0,-0.09755516904362094,-0.2947745283107417,-1.146282054722971
-0.6003392409621577,-0.1330650003976921,-0.994238636552951,-0.39137333153579257,-1.0,-1.0,1.6770889990162492
-0.8910348122328602,-0.09256345383193537,-0.6245796633512375,0.9870919663725338,0.0005708696197892493,1.0,4.516225797895256
0.28745460911945275,0.4752346208221976,0.814852163913546,1.0,-0.32328527266399537,0.3638946730038349,-1.420792212842732
1.0,-0.04653632548405401,0.5543696672020122,-0.8126344928372234,0.5939856625175077,0.7669059827461826,-1.7408698994959766
-0.20357375449707282,-1.0,-1.0,0.043804096618481,-0.1852027293259788,-0.5694419130293461,-1.5127926286002733
-0.8779987492412604,-0.9575531187194798,-0.24685414983147536,0.16225139178121273,-1.0,0.6543775411887414,-1.2854421090891024
-0.9902415318232811,-1.0,0.0842502325711878,0.7220312774593556,-0.941612186909601,-1.0,0.5323774757207265
-0.1103024178863008,-0.22678632781349384,-0.27507000541842985,0.5373321841634957,0.12217763039975454,1.0,2.8817701158114204
-1.0,-0.966492159246487,-1.0,-1.0,-0.12755236663270597,-0.8387403430082268,0.31693056583871015
-0.540901421076569,0.48408299962624785,-0.43874518586364575,-0.24608773610338597,-0.3547522279326756,-0.6181115274221465,0.042835628339844056
-0.9696005106623544,-0.7838493084280871,-0.8232347213986684,-0.19246844743870162,-0.3001954512455218,-1.0,3.0520877955853827
-0.9573035765876514,-1.0,-1.0,-0.2190267010686111,-1.0,-0.04367011380211272,-6.379628414113763
0.17199846683208675,-0.1956178930562386,0.21376046733847265,-0.7471233731040929,0.49926858171913174,0.3224720196499644,0.6473149074232701
-0.7796047288264625,-1.0,-0.724610092313297,-1.0,-0.49727991365800184,-1.0,2.8338286078185644
-1.0,-0.9893152293752832,-0.611622566738302,-1.0,1.0,-0.2819367909282292,-0.5202679318494002
-0.09694019937082288,-0.2573330185979268,0.23089057058231677,0.40210898019990193,-0.5396405011995916,-1.0,2.4074916815086107
0.5817132551141306,-0.9372530938754812,0.29372983135616215,0.9189201981521979,-0.8769155721813442,-0.9119101361644855,8.11847697411055
-1.0,-0.33483818073568716,-0.3638977242248891,0.05870023790828566,-0.018464541238791377,1.0,2.461185665536021
-0.6393768065009384,0.3779736396235721,-0.13551941365598075,0.8129544102283277,-1.0,-0.9250461663713064,0.3997576690386338
0.0021568047195943407,0.16141594938032178,1.0,-0.019939415726137624,-1.0,-1.0,0.3732520422721852
-0.3683651779583288,1.0,0.13537968873699308,-1.0,1.0,-0.5411631893728196,1.314275430328451
-0.348073512779424,-1.0,0.17484424822842537,-1.0,-0.3589609456252504,-0.6894411071942614,4.392205519446149
1.0,0.1561067451138366,-0.26004759736646343,0.05730330537287298,-0.5288922989150706,0.8465355247546529,4.672791909057522
0.5154584289332693,0.39659467975273066,1.0,0.555377538667979,-0.9449135268902915,-0.5752845519133942,1.4264357621050916
-0.26156722310164293,-1.0,0.12194257936633623,-0.7192889064519896,0.4853633257815322,0.3595372718252231,0.20168864444186974
-1.0,-1.0,-1.0,-0.577554315097479,-1.0,0.23166232051656954,-5.2530748514004015
-0.43561972479094113,0.17527957774514108,1.0,0.8702437782396552,-0.6413953376938152,1.0,-4.197140453082236
-0.6535791837490954,0.8996362943529621,0.6122660702563255,1.0,0.9876974641347124,0.6160519919212712,-1.203728399091574
0.4921452678262935,-0.553105173218092,0.21804526641801658,1.0,-0.7367755422048238,-0.5175833253118153,2.28913772457467
1.0,1.0,-0.2327791757472205,-0.46220229527977197,-1.0,0.29332472895520867,6.0099812547259575
-0.10469283209563324,0.04084279585941286,-0.0795160504882852,-0.9853862510085619,-0.5429626931315681,-0.34013874433301683,0.41256832584474895
0.3290404883936786,0.05904616776369925,-0.25744663766752907,-0.12937322603570056,0.04258149672101477,0.5661253477932953,0.8210273395926914
-1.0,-1.0,-0.6549269612572899,-0.45994796655463643,-1.0,-0.8001073410577033,0.38220425550299947
0.7475268961723772,-0.7051568639940231,-0.6692494539891045,-0.4636050641829899,0.7543250715187725,-1.0,1.1512240638708682
0.058841045045107676,-0.203972677066786,0.07726507243940597,0.3355974245797023,-0.44583240819432246,1.0,4.077573178414214
-0.09840149642342938,1.0,0.26782140440314817,0.2515541161050525,0.3832227727211528,1.0,2.8155384374202814
0.031064111960154572,-0.9422325281615984,-0.47111797063748917,-1.0,-1.0,-0.6360718238595063,5.8367255969353895
0.9943247496927676,1.0,0.04533765185482386,0.7044036696442774,-1.0,0.5740470673885515,3.683015442530417
0.8716409013612019,0.5028683735230384,0.4332749869722754,0.6407527598461371,-0.6152929647246872,0.5303293165636601,1.5009351590110664
0.3155749518229984,-0.10307175527241352,1.0,0.6309684441072901,-0.5286370150130546,-0.3302890332210311,1.0923546357582148
-1.0,-1.0,-0.17325458809343952,-0.6402144924234721,-1.0,0.04358894236296784,0.011734716460336525
0.08260289085531913,0.918294155935952,1.0,1.0,1.0,-0.6463617359442108,-5.054907755238683
-1.0,-0.054057596455537094,-0.24927150761375305,-0.5829796706173667,-0.004854244742989122,-0.7013950293812357,1.4152991482504231
-0.030294105092509294,-0.4141046415605876,0.5451895717404293,1.0,1.0,-0.032147047902155335,-0.7703553398555276
0.788427522381405,1.0,0.8157397729759379,-0.357348344861699,-0.3936877245250441,-1.0,0.958859839849304
-0.7239654578950253,-0.20676242932952604,0.5764632370980018,-0.0039495220802524544,-1.0,-0.7680526441421738,-0.46700444050390105
1.0,0.7544069407128222,0.4186873325851448,0.16019212943393074,0.1033114538434119,0.9299808357751749,1.651166141363448
0.3534189223297992,0.8686925788620552,0.9173653481139268,0.07301491897672552,0.8227117291228,-0.6666212167743284,-1.325040957585801
-0.3141704486457074,-0.38985166755928957,-0.8581066259117902,-1.0,1.0,0.38327292752268105,1.0600440017319572
0.5787931782670843,0.3060993750981982,1.0,0.27406272413369376,-1.0,-0.2791508937752143,1.9309016627049362
-1.0,-1.0,-1.0,-0.5367382607658957,-0.5905209767655789,0.382926712798924,-4.6115430898763545
-0.2768884481671683,-0.579012337437151,-1.0,-1.0,-0.7083774635254588,-1.0,3.923821302273979
1.0,-0.11338001926981478,-0.6415782112365463,0.019693801099736286,1.0,0.7954616058871361,-1.6495347809724537
-1.0,0.8984352153995061,-0.17423719326401804,1.0,-1.0,-1.0,2.127506699045806
0.20285470925985954,-0.4547109129495678,0.6667825886359049,-0.26616264297809633,-1.0,0.36579605906876633,0.21312007234206215
-0.3418020536836368,-1.0,-0.5918621186692201,-1.0,-1.0,-1.0,5.688591953786609
-1.0,0.15416038566037515,-0.6847845003105919,0.8667433204200448,0.2711195544389235,-0.03198424483398574,-0.2791817304663893
1.0,1.0,-0.6514518151922298,-0.5038249677776327,-0.4390725662428505,-0.958925681333727,4.068420938550828
-1.0,-1.0,-1.0,0.05930466979624721,0.6250705213364274,-0.05601747633381016,-3.019776749510987
0.14627114950326625,-0.5207295690140398,-1.0,0.25871141675375486,1.0,-0.3807156701510551,-2.168446266203147
0.7774718667461609,0.10344245612346326,1.0,1.0,1.0,0.4142838334351781,-4.148449964213921
-0.9409108229716383,-0.9317099724935207,-1.0,-0.31075424204064683,0.30224940585755417,0.6611016107025909,-2.115579087928972
0.8547859284415167,0.7549850698027462,-0.29912851359754533,0.03426503528895242,-0.07578988220024242,-0.9043055666517674,3.1780316286538604
0.8956713719577407,0.12130929311301664,1.0,1.0,1.0,0.8961663634559196,-5.531638901863513
1.0,0.15795908890402374,1.0,0.8115356697321481,-1.0,-1.0,8.498836201585396
-0.17048100554454226,-0.24959283220735884,1.0,-0.007189325182139966,-0.4794497762285155,1.0,-2.1808513172126114
0.4375648645810632,-0.5384177887479248,-0.5066654637139453,-1.0,0.3992179714889274,-0.6194070948223812,0.7790579399739723
-1.0,-0.8407004506487425,-1.0,-0.5304749071452116,0.010435827940010078,0.1694786920047101,-3.717581526632301
0.2544303081028533,-0.407962485205671,0.1629119276344998,0.6248388159287686,-0.4001183191687555,0.6831232873621869,1.9584609460308648
-0.9996271839225946,-1.0,-0.25969905339749955,-0.5132820106122788,-0.013613105285116271,1.0,-1.5349653538931887
-0.868915713496662,1.0,-0.7873156717993646,-0.7983123197919029,0.04831251866402414,-1.0,2.7541513614634323
-0.729950153525729,0.02375440421820358,-1.0,-0.2894191059688028,1.0,1.0,9.464008544295648
-0.9685901242042239,-0.5748129343399795,-1.0,-1.0,0.907316981904527,-1.0,6.071756396966453
0.6001124844508685,0.4326135403803915,-1.0,0.7268239971990899,0.24103092120636993,0.0756738356188853,-0.7211492757323555
-1.0,-1.0,-1.0,-0.807563448371323,0.9149229234625446,0.8651250175181839,-2.299457746809307
-1.0,-1.0,-0.7384629008811454,-0.7605195415623931,-0.2570502291943626,-1.0,3.505744711640952
0.8141444784622339,0.4820407024967026,0.9577249887746632,0.6414619974343908,-1.0,-1.0,7.07724139762765
0.08950013412872182,-0.022717721283066483,-0.9701793995812743,-0.48758815716600856,-1.0,-0.17701364157982402,-0.7467734665365025
-0.25792269474346124,1.0,0.47905103041282604,0.8374528935200624,-1.0,-1.0,3.0176228832685017
-0.18494400626515617,-0.8225706065392386,-1.0,-0.6789657558855418,-0.016717718090311667,-0.3013220803950368,-1.7159711616057358
0.8778285913195705,1.0,0.23776093557317468,0.7283610816304027,0.46029281773965536,-0.5688759276163796,-0.17855311759346482
0.5443694092510674,1.0,1.0,1.0,-1.0,-0.9168753504439515,3.994504290282896
1.0,0.006412850382806479,1.0,0.37335511437866864,0.2493334294524996,0.5702516337536008,-2.5021301393085156
1.0,0.6681680342554204,-0.39115444683851514,0.7755747706291626,0.3558550502188407,0.15732130715426196,-1.1700758193445355
0.10187966787537073,-0.39944861393661546,0.2409467048701296,-1.0,-0.2270511333073616,-0.4510413061655372,1.1291936483406693
1.0,1.0,0.04505920526427709,0.35945606441552913,-0.06733172621830281,-0.24829573595879584,1.2270506434702309
-0.6529008760432169,-1.0,-1.0,-0.7846956270052228,1.0,1.0,0.6358968357677298
0.7950976261206617,1.0,0.6095058751910467,0.7140476255017932,0.6699153513068131,1.0,-2.5399449237389047
0.74716698447108,-0.004396339894515933,-0.5705935495981229,0.739522029556093,1.0,0.7969587766536894,0.05683063905961633
0.02647496649561354,-0.355302851062246,-1.0,-0.4479689263478175,-1.0,0.5457321771274286,1.6937475606232073
-0.26174459338105055,0.6675789209399251,-0.4676263778647668,0.6942343581433406,0.9591738532602971,1.0,6.281759507104427
0.7761975575253175,0.3104180952866433,-0.23981919833039517,0.2504709367163893,-1.0,0.02936460176771649,1.8065329453855443
-1.0,-1.0,-0.3777856038497257,0.9109836200335151,0.5509417156150177,-0.9463102377744608,0.7937051675261327
1.0,1.0,0.5259866011452384,-0.3650152405362606,0.3361114994287445,0.7067588000702902,-1.426361204212054
-0.034168808828786756,-0.0557588757956467,1.0,0.4057135508114069,-0.6192331561974005,-1.0,1.0988180429605412
-0.059913580481311624,0.5716215949810717,-1.0,0.38539667899645647,0.11067058052582354,-1.0,2.6220374057591433
0.6309891856819619,-0.6487632464026405,-0.9283458784560819,0.5209591714387803,-1.0,-0.6523312012322142,1.741300980812527
1.0,1.0,1.0,0.14987499436497353,-0.11960794536265412,-1.0,0.4991686548815331
1.0,1.0,1.0,1.0,0.05526019612413485,1.0,-5.019715354889107
-0.12542793336675523,-1.0,-0.5827781297504194,1.0,0.4822699887747699,0.16020706336113955,-3.338312621745411
-0.1726308964191497,1.0,1.0,1.0,-0.053947180044741305,-0.37133414457634273,-3.2617398236269417
0.913214007026954,0.483044905274539,1.0,0.046542315092601594,0.23213829139996678,-1.0,1.9016524824276195
-1.0,-1.0,-0.5043546333582931,-1.0,-0.37000774183658747,-1.0,3.1880356760329045
0.16226097711680892,-0.09408700496225153,-1.0,-0.666769748135531,-1.0,-0.7402859195789858,0.856146667283101
-1.0,-1.0,0.10060757419777609,-0.2331385812438076,1.0,0.5271706635000066,1.7131821055066794
-0.23393658978699028,-1.0,-0.7060901996933076,-0.2367098628050357,-0.8691772486390592,-0.345539061001389,-1.3532290393700228
0.44479843084037884,-0.26805284634151844,0.8890353302418172,1.0,-0.7789279333354708,-0.9038374102005997,3.0630502893569567
0.9914899008753897,0.3271437626290592,1.0,0.22955553294344888,-0.7484375863057784,-0.8589429196654865,5.626466635744088
0.6921720473170168,0.5084637363319319,0.9152233558252805,-0.09286864023500241,-1.0,0.3769195084328803,0.4864814757861555
0.07307070897790968,1.0,0.767969062662617,1.0,-0.4150290138231236,0.5676460541471976,-2.920361658317486
-0.8677470424305691,-0.37904510223560406,-0.16032737905324257,-1.0,0.004020935006227466,-0.3842783134646617,0.7557250902189986
0.6095852883332334,-0.034062678784434475,-0.37093423260502656,-0.6305667701707384,0.8163119937211494,-0.7668504247396954,-0.6505593074522653
-0.34550805641779114,-0.17825234862782885,-0.3390584668986161,-0.04413955920999832,-0.20838104018200876,0.7340478170398772,0.5979927805624068
-1.0,-1.0,-0.4371060064004908,-0.7721875498717674,-0.1923038525717624,1.0,-2.8949362954376583
-1.0,-0.7642436423817169,-0.013980987133862532,-1.0,1.0,1.0,4.0957492407655085
0.28173017897612673,-0.1285731752374742,0.5068948060766427,1.0,-0.17206837740943326,-0.47537543846887687,0.40476390305929943
0.33200248666819737,-0.2876323606992124,-1.0,-0.11659288931328424,-0.7114065825758324,-0.5656189099735596,1.4362457990841457
-0.28825610753388314,-0.8255340456091539,-0.9988733449232124,0.02269743644579089,0.17959329325245021,-0.4125891926101319,-1.1983201594885569
0.9049875571130206,-0.694672331211386,-1.0,0.20115345403429186,-0.20912238326343624,-0.525093952438874,1.3318926790851808
0.3610630154077188,1.0,0.013177645796614651,1.0,0.5249846926303561,-0.32565174022097587,0.1858166888307321
-1.0,-1.0,-0.8564139883698925,-0.5289885417375586,-0.4751412085592568,-0.7086327222028883,-0.18864387910576552
0.44982185681574294,0.6104277790376127,-0.19249466407572133,-0.6666970157585589,0.8566484394900561,0.3715956530110922,1.345634716102114
0.8929983770892531,1.0,0.9483983663090133,0.6494895785361396,-0.9862581850682937,-1.0,4.568015781546797
0.18210459129566883,0.1837802323336598,0.7832056444353807,-0.7325546408723456,-0.48079629014136627,-0.03826783062351795,1.4082387301261197
-0.15542950827934263,1.0,-0.4103273288017367,-0.17662033645217268,-0.5183734167415196,1.0,7.706116961583229
1.0,1.0,0.45560889152634454,1.0,0.9233691950453768,-0.2543493869577579,-2.6177564139079763
-1.0,-0.009192409468840035,-1.0,-1.0,0.26663773494987986,1.0,5.9999835340249135
0.9113494393308617,1.0,1.0,1.0,-0.7807868113367087,0.13785882500354668,2.4635532707932013
1.0,0.3469843668857906,0.8008629331012821,0.11403682090030487,1.0,0.48220470899689594,-4.187118344631081
0.47774014790481745,-0.32432929561941204,-1.0,-0.8068712134803131,-1.0,-0.779735756964457,2.958912402898685
-0.6047765991390839,-1.0,-1.0,-0.005293264902540118,0.9872362950929685,0.6527985020333193,0.31560711260252106
0.361450721572044,-1.0,0.11976385604154649,0.3714845375165714,-0.6823586113364155,-1.0,5.516183200826534
-0.06231740234755989,-0.17883119838660488,-0.4925109794635387,-0.4063598888887583,1.0,0.6484935322879793,1.9812100834768
-0.6211919596350113,-0.3529051761554667,1.0,0.014312040595385711,-0.31604061175271975,0.10344297170030234,-0.3700080571260502
-0.19797666353097687,0.5476799867708715,-0.3052987460570625,0.9333635407774257,-1.0,-1.0,2.5354616008125355
-0.6043906589998815,0.0038183804424684054,0.6049933938370369,0.16478563264374513,-0.43211680033644373,-1.0,2.104723774572287
-1.0,0.1446423253899855,0.4131413125793286,0.20674653055345404,0.5221744535154622,1.0,3.161649494771767
-0.017440119382049035,-0.20851795944535634,1.0,1.0,0.8677178133567287,-1.0,-1.7709401584126547
-1.0,0.6882477326563713,-0.727369236130442,-0.9328494112221918,-1.0,0.33462954008969265,0.2260020998275991
0.7320344199609163,1.0,1.0,0.9609239406838619,0.304587505011256,1.0,-6.642923063522627
-0.29063354520752915,-0.7777251615878904,-0.5930126699702214,0.7657589745419717,0.11964838674470601,0.16846162169097156,-0.7462020965825942
0.6927673641342209,0.6680042043041351,1.0,-0.30844853876343487,-0.02753746124331169,-0.3507174475136193,-0.03823523972925599
-0.5407604658639984,-0.8085340074504671,-1.0,0.4871179140392665,1.0,-1.0,2.1480362961152046
-0.2630247004990469,1.0,0.07018117010696195,0.48800288247915324,-0.3382370925526239,-0.8794121458248947,1.2472096679560538
1.0,0.4281729197747436,0.8145430863417205,0.8359246802751074,-1.0,-0.008830876664927101,3.8238079078780087
-0.1537897454770658,-0.21183435728761313,-1.0,-0.9563130309175623,0.3390082606397542,-0.6747206705657788,0.34340425764444715
0.32709312053743667,-0.11019726872042279,-0.8353393930750163,1.0,-1.0,-0.8230031629555401,0.7650418187952202
-1.0,0.7329022831562987,0.1045820161297614,-0.03604151605480321,-0.7750928173706689,-1.0,-1.5567459344730836
0.07428251968833582,0.5840657228671211,0.8180379298517457,-0.09021586814074571,0.6848539543189438,0.9937864577453601,0.4944158312404576
-1.0,-0.16001193691419868,-0.843003995414462,-1.0,-0.1642260894036126,0.040708817520738814,-1.9676790428256206
0.8528438494924255,0.593299700214903,1.0,-0.1325335698269292,-0.4357244813700272,-0.4285568837448044,1.823215381947096
-0.6173537124690037,-0.3112002020337147,-1.0,-0.7910600737978519,-0.4074016478569196,1.0,5.306655954128296
0.9368491273266818,-0.9637712433148036,-0.501523472622204,-0.04891627733793209,1.0,1.0,-1.8083469865235355
-1.0,-0.6822531688144936,-0.5028756109570867,-1.0,-0.7564257685494353,-0.6679737481109802,2.4927982001992275
-1.0,0.8734557087415071,-0.7109420280749785,-1.0,-0.604168988971688,0.9701255548082384,8.072380323375143
0.9080106179281994,1.0,0.28845143414508323,-0.04164083459565848,-1.0,-0.00803868878926517,2.1798809210905157
0.853304390272009,1.0,0.13104736734467948,0.6072927915789221,-1.0,0.030742521589316896,3.791694483212529
0.5040469474865577,0.36626739890491233,0.050482058011118935,-0.011442650901501844,0.4739748713960185,-1.0,1.6428957716126273
0.64069537716044,-0.037268349155928304,-0.18702251377024529,0.8353362215183244,0.09749043230976562,-0.07278289834252594,0.39917001288030185
-0.6707986034299045,-0.8729709970074424,0.7169167753879288,-1.0,-1.0,-1.0,6.810462734023681
-0.9275724882346124,0.855618888805889,-0.18395529630998692,0.6751128069374018,-1.0,-0.3314435674633742,-1.6408428896936076
0.5977367650867679,0.6357180943092955,1.0,0.5592032259005945,0.6996921795138478,-0.01870972477417005,-3.21729632754167
-1.0,0.0010977017085879587,-0.1817022498198143,0.15689681679466894,-0.7809904273100932,-0.2940033425056163,-2.6042760783895327
1.0,0.35656255832055295,0.9000984250758182,0.4331538949727525,-0.10280449556266358,-1.0,3.471942791430185
-0.7686540818759651,-1.0,0.9950719043193793,0.24148312271062522,-0.5609485262637903,-0.47579575070157865,2.9148633596023217
-0.16874891921289786,1.0,-0.8427553610143803,1.0,-1.0,-1.0,6.097347374309672
-1.0,-0.16615774364647495,-0.24189232852358936,0.4181014634211521,-1.0,-1.0,-0.9460509677187512
0.2869440652138493,1.0,1.0,-0.20740456202776159,-0.013387516977068581,-0.6294146309603224,-2.291929295052571
-0.7011576874992147,0.9827372072650568,-0.8265902258539527,-0.16136528701121647,1.0,-0.41941406622810895,3.7328971216195317
-0.0712473034518506,-0.7132942048636222,-0.4057418680150432,-0.03363972123867587,-1.0,-0.7075931839351667,1.4773507653593354
0.7724927669688065,0.7691917277925714,0.3764170373688551,0.8842875673354663,-0.9628217176900391,-0.8844650670422787,6.346048564058997
-0.8234093732442691,-0.7015005818586573,-1.0,0.16130562853200187,1.0,1.0,8.008043541987874
0.6144458181917198,-0.3854872346493083,0.4479687202260638,0.7343477087283746,0.4284247350956023,0.09497733607614789,-0.6510287110427989
0.8185946610538258,0.17014627281805147,-0.5275988755256571,-1.0,-1.0,-0.20018612741454242,3.6143939656825954
-1.0,0.7671363224723853,0.22495970667438114,0.007596439836449281,-0.9088270925888129,-1.0,-1.6684247806111818
1.0,0.2932950051057729,0.04604859295173612,0.8703931073101,-0.4009886224219532,-0.17963500331388516,1.5529897282462115
-1.0,-1.0,-1.0,-0.1079656794181516,1.0,-0.258138050779505,-4.680083887890293
-1.0,-1.0,-1.0,-0.06659364978033017,0.5889571532952738,-1.0,4.376813604711886
-0.4470043112346744,-0.3668587225904544,-1.0,1.0,-0.6306160293568958,-1.0,1.5133335080907453
-0.9017067654617514,0.4519873056883828,-0.6280481283091177,0.402360728656557,0.0017884687766607232,1.0,4.548940991326385
0.09282084856759054,0.7958621312902998,0.041852140952012284,1.0,-0.21895769930483922,-1.0,4.094486979143612
1.0,0.7978719508283951,0.5165220553706256,0.5347714968061352,0.4642346571005953,0.24246776306951334,-2.620459526929068
-0.9651095563549729,-1.0,-0.8705500653883368,-1.0,-1.0,-1.0,4.561266623914052
-1.0,-0.4317542609763121,-0.9556322784684949,0.21404110735081927,-0.34063001227727613,0.11378744110029108,-1.9340741640780645
0.7641138974762751,0.66798038013386,0.6071538897672852,0.4445565056795553,-0.3136881882155025,1.0,2.81101516890999
1.0,0.19638234362133855,1.0,0.6933725750785702,0.23659893604423085,0.048363571488059365,-1.4856833319720808
-1.0,-1.0,0.7138985519053349,-1.0,-0.5170064888681369,-1.0,5.206317933392317
-0.895776555850593,-1.0,-0.6313455228016726,0.011793122896197605,1.0,0.9241072303324438,3.360247188551896
1.0,0.5305846430358288,0.7748528427036536,1.0,-0.10006487519792323,0.10666651469346847,-0.19705707505989223
-0.15758688234324214,-1.0,0.036924098029754604,-0.7254581298493832,-0.5775170597624292,0.7043081711692682,1.686724222052799
0.3859984068579293,-0.2085772326540919,-0.9548618695267266,-1.0,1.0,0.2016138142577446,-1.6252635134445352
0.8697699584678416,0.5172549708549627,1.0,0.08269947044599096,-1.0,1.0,2.989133848313712
1.0,0.96759616497698,1.0,-0.27390049459533744,-0.8189722053738397,0.3920012584557579,0.8243610616878543
-1.0,-0.817468895059668,-1.0,-1.0,1.0,0.2609925142589942,-5.608235887787855
0.8930786293498715,-1.0,1.0,-0.04705344919015217,-0.4542362500869227,-0.766943752925104,7.879961650522929
-0.07669720289254078,-0.4092931027725446,-1.0,-1.0,0.3139516349848612,-0.413800953437452,-1.4132438749446057
-0.5347811329125371,1.0,0.840062253380927,0.0437192779800909,-0.9704476435945513,1.0,-2.9443578751667916
-0.04765358030253092,0.39519151197259306,-0.19213593471133372,0.6245656253234106,1.0,0.5909360811063893,1.4423264127179534
-1.0,0.9002170496710722,1.0,0.3886170067192938,-0.8478102132747197,-0.9389242988286888,-0.49684225430776263
-0.6670576152054124,-0.5805612602786676,-0.22630751834325846,-1.0,0.44143838909184,0.10520126671903912,-0.08106045660356459
-0.6492875054426526,-1.0,0.011134288307336038,1.0,-0.3427684610671636,-0.4033221285393541,-0.8122730397518817
-0.7892257416324157,0.43760802691718714,-0.5004403117599975,1.0,0.2656977784472462,-1.0,2.8157500870073764
-0.3415566350853799,-1.0,-1.0,-0.0008003533623677228,0.28621971111137245,0.9240434306298617,2.8718730661787903
-1.0,-1.0,-0.8316072158215878,-1.0,1.0,1.0,-0.14711592004533508
-0.14178191084925343,-0.173930799390342,-0.6364696477958837,-0.9169822799752305,-1.0,-0.34289889384980876,0.9460922853470561
-0.5123749117005971,-0.052743169215765384,1.0,-0.30395795050891417,-0.5183910645192142,0.6948497605066875,-1.8996082710548503
-0.8686660154563746,-0.5946109571750592,-0.4413242593384172,0.026411717575475113,-1.0,-0.10412736065093098,-2.1813858211983757
-1.0,-1.0,-1.0,-0.0555217638682759,0.9386488075755689,0.29005396768996317,-4.3165892475253065
0.2810635334798364,1.0,0.2775618949532668,0.1396470589622527,0.6490306788759528,-0.2908787630631802,-0.9383298324085111
1.0,0.5668718668604533,1.0,0.5823926227258807,0.039622124186720564,0.2700708793472667,-0.601371093437913
-0.042383843418490746,0.225256018890474,-0.7587247033687609,-0.03168103532130473,0.48182718320696183,-1.0,2.0597163780196377
-0.7749910884580128,-0.161978610384595,0.4028232432507287,-1.0,1.0,0.7397946249061751,3.1449006702163484
0.3791488077419344,1.0,-0.4155426896856235,0.576203726405685,0.011292505967070765,1.0,4.614796543826137
0.9135179317686155,0.5354558723489924,0.28080846900649425,1.0,-0.8941389181501392,0.7756534342540431,4.19161460699708
0.05597320411022422,1.0,1.0,-0.7111044254204714,0.029427422225984268,0.14077077742382177,-1.2304018553042237
-0.3313097130661695,-1.0,-1.0,-0.7766086308656936,-0.07886924796994665,-0.6385510288743494,-1.4227778171643262
-0.34826774469291544,-0.8455875907958195,-0.5984830630788743,-0.772767304082942,-0.2193654155813346,-1.0,3.34833147750366
0.9008066775030588,0.8398057851568799,1.0,0.7691315808278629,-0.24241220287695553,-1.0,3.2682380227488634
-0.02514718651393938,0.7436141793990246,-0.32773640239954716,0.34809318419289514,-1.0,-0.9944904332094822,1.5194915782676148
-1.0,-0.5377898399654064,0.23998732781487053,-1.0,-1.0,-1.0,2.1073677263517134
-0.6639027719999808,-0.46587902387921365,-0.22414670560169903,-1.0,1.0,-0.10138933496050319,3.784460563942067
0.15460812452488595,-0.6092955696507504,0.15398248155835387,-0.0811548279387661,-1.0,-0.3054565185073652,2.4737977049044573
0.910622464247172,-0.8477575342369169,0.08348502139016317,-1.0,0.1383247479366283,1.0,0.7306401355322563
0.41945576477681956,1.0,0.3616982149778132,1.0,1.0,1.0,0.4641199448157618
-0.9079540366807681,-0.9931192879040025,-0.05077380386853901,-1.0,0.05482486393237018,0.3310225641181861,-3.210490691591869
-0.1261558992925884,-1.0,-1.0,-1.0,-0.3661765507305722,0.1701182002153537,-3.828486095603429
-1.0,-1.0,0.1271863033663423,0.593737433412373,0.9295308813094268,0.6274715055018101,0.97874377275627
-0.41566312316639775,-0.3239008064762038,0.3273576639622424,0.3352506908426147,0.4264519019425143,0.5404822452788061,1.0805273916125815
-0.5118116513813289,-0.009535273176562442,-1.0,0.8858102575226258,-0.2505462955787865,-1.0,2.8779613745688386
0.8707553903527318,1.0,1.0,0.797718240150848,0.9523129144702114,1.0,-8.740491979256863
-1.0,-0.6735108874066041,-1.0,-1.0,0.03396311466187554,-1.0,3.692578261593024
0.47095153906803255,0.4826478188039667,0.7991794787643858,-0.5605406254281512,0.43894265617491496,1.0,0.23537469289714902
1.0,0.27911148225927274,1.0,0.39755658791890036,-0.910730748250619,-1.0,6.646079511145381
-1.0,-0.1622185964517776,-0.7605396395939625,0.6883770025829361,1.0,-1.0,5.573142970274144
1.0,0.07914386261992251,-0.22746821434117243,0.7942775464297975,1.0,-0.016394381689712967,-2.3168054230198645
-0.08207923586054866,-0.43395661880134057,0.011963342344185779,0.8619523596653976,-0.29534201335588905,-1.0,3.0739531098479733
-1.0,-1.0,-0.4692771008020581,-0.3681818315981497,-1.0,-0.3976024950569448,-0.9500455706388875
0.038084245672032335,0.20093248394748797,0.9870550145929952,-0.44868863729185515,0.4420978968321716,0.56703741781331,-0.9143743219924969
-0.3389064829966999,-0.5422691530870106,-1.0,-1.0,-1.0,-0.7507960553631439,1.913678780660285
1.0,0.8554792585783983,1.0,0.21639348423735316,1.0,0.8049296525603848,-5.631027802042396
-1.0,-0.6650998202309816,-1.0,0.047954767241036866,-0.04279221194829641,-1.0,4.652814532051716
1.0,0.17929841195820262,1.0,1.0,0.20530847159143173,1.0,-4.262751824881811
-0.3792486146910715,0.416176721328239,0.07083197022304288,-0.5576593841483254,-0.48367884997824784,-0.7940739551381852,-0.3166607456865275
1.0,1.0,-0.34789954320365846,-0.322503879340617,0.13463663183883656,1.0,5.100616857444555
-0.302527521493986,-1.0,-0.16681929423046382,-1.0,0.6120165605476512,-0.49141299170093433,0.8433156105271672
1.0,1.0,1.0,1.0,0.2875825847011384,-0.5313944340170836,-1.5487085228442232
-0.9051088167691913,-1.0,-0.2577715828405813,-1.0,-0.29651757104108895,0.06658425881328003,-2.629225116156564
0.08155365225771419,0.6520271784337506,-0.09624451277026672,0.09860217313914643,1.0,0.6900056302885109,2.66437039519171
0.2805622880012226,-0.6354775893805005,0.7282278071181836,-0.5796626910976209,-0.8186101761740283,-0.23348351279559243,2.7148261162344993
-0.30192904346959504,-1.0,-0.14380145603008665,1.0,0.8745545349350017,0.5042662323242524,0.2100363560648032
-0.3595588983520632,-1.0,-0.6030025792662761,-0.2846309137839041,0.3536274129725987,0.8445408532188585,-0.07616961644424058
-1.0,-0.07066955090819635,-0.48325827818932665,-1.0,0.14717264585216205,1.0,2.4559266716551456
-0.1442947710718499,-0.1831995105585334,-1.0,-1.0,1.0,0.29877009248865993,0.3297918679252304
-0.790827768238025,0.23402269450577556,0.20922948366139643,-0.5233399178512419,-1.0,0.36588127733044196,-1.8118540978613284
-0.6194849614225272,0.3320503745776877,0.586591403178356,-0.009706033680653314,0.35327517330306285,-0.22216548600992803,0.2025446117254841
0.5601794891330865,-0.20936406011573866,0.6339320174451488,1.0,0.1701049622800631,1.0,1.2331674860305686
-1.0,0.43299546096923913,0.10080090683489396,-1.0,-0.5865651749684905,1.0,1.9511027910286205
-1.0,-0.2955578831684398,-1.0,-0.19392098332782748,-0.5023170780205322,-1.0,4.210035297159979
0.9083236293734842,0.17322889704342115,-0.6592127561852869,0.5034624584946501,1.0,0.8711692543283283,0.32367480651433
0.9282425675886219,-1.0,0.7663937671402665,-0.6014010620072455,1.0,0.5834724268260971,-4.0812697181122495
-0.240981821740199,0.13641876399239727,-1.0,-1.0,1.0,0.6878239025039457,3.94609061410742
-0.46805637310227344,-1.0,-1.0,-0.12342682368960711,-0.5378732435512652,-0.5579352420436935,-1.7245751909800957
0.7860916662102369,0.2946239173994293,0.13413690348157772,-0.04170459443358489,-0.07954597891804538,0.6052854317405401,0.08845817575916826
1.0,1.0,1.0,0.2617606485958872,-0.7173348450213697,-1.0,3.5131714954092614
0.7525741468517005,0.6666205626257373,-0.14429464047572774,1.0,1.0,1.0,2.2156931893317835
0.05205938322912296,0.31585508016206143,0.9670043212174942,0.5334806096675975,0.11378599792845907,0.2871183442125039,-1.375260697225949
0.039088286248473963,-0.8253260807743535,0.9055537686719783,-0.2493617808276305,-1.0,-0.07736764120139183,1.117858091865114
-0.007797312110890547,-0.3831473897815636,0.3753921834922982,-1.0,0.48764417375990987,1.0,0.6558096590220838
-0.6138775908835346,0.04336238958427796,-0.11174596578422324,-1.0,1.0,0.308215640274909,4.792247405049084
0.37234233089064483,1.0,0.422136678269613,1.0,-0.20654541456374972,-0.07705711175641519,-0.6092581130311562
1.0,-0.3782355449878704,0.7606033403891181,1.0,0.7285465198929814,-0.2797289994051635,-2.616888363150999
-0.1417747337886105,0.9334653303914849,0.00766316019207558,-1.0,0.39762856793052315,0.1968116592078904,0.5909306225095624
-0.32990699207719654,-0.6213492296447745,-1.0,-0.41784846266179554,-0.6614284247372684,0.6182140522545431,0.37677154712864946
1.0,0.19055820789521172,-0.07434913712684132,-0.07049801191522498,-0.9127929561366003,0.8504606799228711,5.872924469950431
-0.30918118010814544,-1.0,-1.0,-0.8905894136498008,1.0,-1.0,2.0865830331091244
-1.0,-0.561691310227419,0.5833940888268857,-0.8720437948097244,0.40395367472645377,0.9660603997414852,-1.9524485611374476
-0.8327587114541469,-0.354438309108822,-0.9523276985007751,-0.5774207254956673,0.4278781373071917,-0.3082371544356434,0.3962788813286332
0.5072877774358605,0.9413518794792775,-0.0041564192660888954,1.0,0.9270914300769099,0.30965873013364953,-1.2233862597396308
1.0,1.0,-0.44184593327131794,-0.637402606463792,-0.4255941042706664,1.0,8.814542265027642
-0.32187763944519754,-0.20015952133484083,-0.9558677113426581,-0.8686611837886462,1.0,1.0,6.7727384389119125
1.0,0.8462327507373522,0.22144599371948304,1.0,0.030249811321455544,-0.32571612265610284,1.7798673524695678
-0.9254711158555646,-0.2822861527653453,0.08590687880450834,-1.0,0.38663103093503115,0.1251140321085793,-0.6368463105416728
-0.5913460861598165,-0.433440233040574,-0.6959070252706516,-0.27471280725850256,-0.07518559601489105,-0.1515348505678098,-0.0562640888820532
0.42409235270799195,-0.9475605451830375,-1.0,-0.16498615288420768,0.17106264594648407,0.8688345867998539,0.7302230500423146
0.5829872778787744,-0.556326996427831,-1.0,-0.17817587114294375,-0.2163754319023724,-0.2235625468211697,0.19163558590045437
-1.0,-0.010299173436801368,-0.484537591585125,-0.9990450260308338,1.0,0.7934426722224411,5.4236413568204975
-1.0,-0.24446662841673694,-1.0,-1.0,0.3625225810229983,1.0,5.085378709976893
1.0,-0.7630633237409308,0.9860228659734245,1.0,0.05967059967016208,1.0,-0.6909671272646689
1.0,1.0,0.08624653675105476,1.0,-0.5270633182458586,0.9600860912553763,4.94587113133448
-1.0,-0.12197484518779833,-1.0,1.0,1.0,0.6468979504479377,2.986847578310999
0.003064306113519155,-0.7126079690593479,-0.30473286818118006,-1.0,1.0,1.0,1.3677693126286994
-0.03232367563455485,-0.7569602386195688,-1.0,-1.0,1.0,0.10453324596693278,-3.1522119058421922
-1.0,-1.0,-0.064155651523778,0.0816618878435954,-1.0,0.5032127065926694,-2.1747386033346996
-0.32649538738621003,0.8086888694495997,-1.0,0.18791346597098824,-0.8819022737543272,0.016526270618953842,0.5135800392601328
-0.4309922973532898,-0.6958985563559908,-0.7120066377196037,-0.6330014834922256,-0.12395152307701207,0.340226013735242,-1.0650288075539898
0.32704903669565083,-1.0,1.0,0.017134347028947325,1.0,1.0,-1.0024191045486648
1.0,-0.35441157905935244,-1.0,0.6476567499025428,-0.656752928262138,0.875001738375954,6.082531326128137
0.2410505650788437,0.40966369537392694,0.39543351816541483,-0.07135837027279124,0.39812971652164686,1.0,3.010213192427089
0.5113023755909047,-0.01541910807281921,-0.7086528085282027,-0.7377419694954319,-0.13169971648669554,-1.0,2.604271422031676
-0.6124950827551903,0.7215006404194306,0.7300991131361444,0.0015532852626489735,1.0,-0.08627708914740584,1.2351697529895302
-0.8920869020907635,0.3939313002953153,-0.5180148707600083,-1.0,0.187901323758912,0.8863122293414252,3.7065713153261437
-0.44580045214519215,-0.09913186913726546,-0.46086237099739025,0.1965115934042287,1.0,0.07785389391261166,0.34015413556827523
1.0,0.13129248109371688,0.38720245609616344,0.3446448334483705,-0.18929135935815844,-0.6704217474108226,2.982028415353135
0.6388556973116137,0.05115031658384413,-0.27215391175781034,0.6522694611853779,-0.8336756524174412,-0.9223934354227784,4.641174973236627
0.5110276191698657,1.0,0.8532170521283987,1.0,0.9530546738844172,0.1459414121948409,-5.588499601311005
0.1419296063139016,0.8465654864665813,0.5548269954633869,0.30256881127152246,-0.2685124096337299,0.5815526796338104,-0.273909453898188
1.0,0.6354727307075152,0.37876715022103324,1.0,0.28814235048975867,-0.3827358859535589,-0.4725679187231674
-0.6302581556866151,0.9704407165268862,-0.9283222928908204,-1.0,0.03162568091923368,0.13229656689287572,1.9747293779553607
0.37394444343015787,-0.1564847459864338,0.09740185569424586,-1.0,1.0,0.3454280733661761,0.7457428623405544
1.0,0.5882674979273228,0.404389090610773,1.0,0.10203332661477099,0.794773059281704,-0.4625989366640818
-0.2400217759275482,1.0,-1.0,-0.807281082652862,0.4539792882136281,-1.0,3.776320461516749
-1.0,-0.9893336169562371,-0.2327007805976933,0.7408463468009792,0.08870349847096781,0.9572871955807782,0.30667012766201585
0.9608032348609072,0.38979692373628616,1.0,0.7155655986681033,-0.019425005975835824,-0.8815549134197671,2.9987849339368684
-0.24495812363941472,1.0,-0.016645354943301306,-0.770472451690362,1.0,1.0,8.440843245535486
0.4853370239066272,-1.0,-1.0,0.11661501266005225,1.0,0.7787706308195174,-1.4738246859917719
0.38233675193576966,-0.03183851099943491,0.6328390408813259,-1.0,-0.5269966605352288,-0.0933946121328576,1.0594743012639707
0.4567340140755076,1.0,0.33508375428929227,0.17165254583033318,1.0,-0.7007985903073832,-1.0740344324987905
-1.0,-0.7266958528537335,-0.06670805276745173,-1.0,-0.7990037978970002,-1.0,3.5365659898803115
-0.24103874466285014,0.031687966460260786,-0.26496127621075677,0.22640570937315063,0.46215198692714576,1.0,4.053451157455498
0.12490064187982375,0.078491634578149,0.3593327812241547,-0.2928013165740357,-0.910669132481422,-0.9880576867066324,1.77763675423963
-0.7087183243346458,-0.15424069253165107,-0.4076824389855578,-1.0,0.47615377587910157,0.6198766745968161,1.197729285964106
-0.5289605305430151,-0.3166610085372108,-0.40414901444111734,-1.0,-1.0,-1.0,2.6235505436927107
0.720684792624958,-1.0,-0.8080862280016289,-0.25133512138669534,-0.9670177731429274,0.3245092765114227,2.0520069261348923
0.8174625966801488,0.825579399617987,0.8311062731894899,0.35010602988685613,0.05380394927819654,1.0,-1.2392071509501876
0.055428554392796064,-0.7116672786831909,-0.41296057619522325,-1.0,0.03568143356087983,-0.16220107021789343,0.40294576933805504
-1.0,-1.0,-0.391641871900672,-1.0,0.8289491767855443,-1.0,5.785042917173332
1.0,0.3081933867712836,1.0,1.0,-0.537741150134919,0.5270514851199611,-0.03532264340018326
0.7874001977784514,-1.0,-0.9034562365337394,-0.1825951169060177,-0.4231359978062278,-0.6980880335590234,1.4475892096832996
-1.0,-0.06661483609654961,1.0,0.2985907422205829,0.6464107221065853,0.4568532208613809,-1.5474471858432755
-0.717310610602699,0.4468738708917767,-0.2609672645585186,-1.0,-1.0,-1.0,-1.3070398748749983
1.0,0.0827841407246529,1.0,1.0,-0.627189104235305,0.9408922530400455,0.496475152028504
-0.14571268110553137,-1.0,-0.5824419658248334,-1.0,-0.0861941885498878,-0.7563067905799512,0.6005715496804604
-1.0,-0.0542384304778778,-1.0,-1.0,1.0,0.5313773581861638,1.649127168094414
-0.2190236135470719,-1.0,-0.4407524520960402,-1.0,0.5289080028954695,-0.5203355342228355,0.8149659469458118
-0.08193040611784719,-0.31557881845295466,-0.8581622456349582,-1.0,-1.0,0.04107519029864566,-0.5284167421545634
1.0,1.0,1.0,1.0,-0.2761531069699664,0.182352476309042,-0.783604380992341
-1.0,-1.0,-1.0,-1.0,1.0,0.5555963234389313,-6.797173514468206
0.1930809412983212,1.0,0.6234191520732142,0.4844705522578274,1.0,1.0,1.2694063313121466
-0.9262529181996184,0.5008768335073563,-1.0,-0.7494573046026527,-1.0,-0.5728268457830259,-1.1681752313456806
-0.2786035667781266,0.6360871925944519,1.0,0.5940590524830778,1.0,1.0,0.39016927085191266
0.021450521245142684,-1.0,-0.7896623197051338,0.29487702046502856,0.19194754431457484,1.0,2.3999362243468814
-0.7987677322090878,-1.0,0.44463514460013265,-1.0,-0.12346297844818555,-1.0,6.124466501368757
0.6122485445307901,1.0,-0.5910011238605082,-0.5536864415133189,-0.11819983725584726,0.8210681438463465,5.9269892424408495
0.8143939117218733,-0.15394598071839966,0.450306348504131,-0.8001362380425197,-0.2745094703863762,-1.0,5.855302406044442
1.0,0.7657950663440845,-0.19022205123734232,0.5222711388919852,-0.11838875665439441,-0.27464309003478043,1.259675004768285
0.08276783426136133,-1.0,0.8955844098160706,0.7349168051930268,1.0,1.0,1.248491897045367
-1.0,-1.0,-0.8551627107572024,0.47511054540758346,-0.5025925798923289,0.6940586355196413,-2.048119590380992
1.0,-0.004202956359669552,1.0,0.8043926433152939,1.0,0.8832911065909486,-6.439356913890124
0.6551325022171082,1.0,1.0,1.0,-0.3990471333116108,-0.2965113858483264,-0.34458859827363053
-0.5352365432201175,-1.0,-1.0,0.20995807764835372,0.1413703151053916,0.9018766617771985,2.1382512401475435
1.0,0.0753498243305688,0.7305886503845495,1.0,-0.14082397561329207,0.25308220295066597,-0.20359670914161157
-0.8536483987548835,-0.3788855745369091,0.26871172853132996,-1.0,-1.0,-1.0,2.1735813565035023
1.0,0.03168232956457384,0.9558439117556444,1.0,-1.0,-0.8593057042827088,7.8322386733771605
